[2026-04-21 12:08:23] local.ERROR: SQLSTATE[HY000] [1045] Access denied for user 'root'@'localhost' (using password: NO) (Connection: mysql, Host: 127.0.0.1, Port: 3306, Database: laravel, SQL: select exists (select 1 from information_schema.tables where table_schema = schema() and table_name = 'migrations' and table_type in ('BASE TABLE', 'SYSTEM VERSIONED')) as `exists`) {"exception":"[object] (Illuminate\\Database\\QueryException(code: 1045): SQLSTATE[HY000] [1045] Access denied for user 'root'@'localhost' (using password: NO) (Connection: mysql, Host: 127.0.0.1, Port: 3306, Database: laravel, SQL: select exists (select 1 from information_schema.tables where table_schema = schema() and table_name = 'migrations' and table_type in ('BASE TABLE', 'SYSTEM VERSIONED')) as `exists`) at D:/Semester 6/Praktikum ABP/modul-10-11-12/2311102169_BenWaizPintusW/FestivalMakanan/vendor/laravel/framework/src/Illuminate/Database/Connection.php:838)
[stacktrace]
#0 D:/Semester 6/Praktikum ABP/modul-10-11-12/2311102169_BenWaizPintusW/FestivalMakanan/vendor/laravel/framework/src/Illuminate/Database/Connection.php(999): Illuminate/Database/Connection->runQueryCallback('select exists (...', Array, Object(Closure))
#1 D:/Semester 6/Praktikum ABP/modul-10-11-12/2311102169_BenWaizPintusW/FestivalMakanan/vendor/laravel/framework/src/Illuminate/Database/Connection.php(978): Illuminate/Database/Connection->tryAgainIfCausedByLostConnection(Object(Illuminate/Database/QueryException), 'select exists (...', Array, Object(Closure))
#2 D:/Semester 6/Praktikum ABP/modul-10-11-12/2311102169_BenWaizPintusW/FestivalMakanan/vendor/laravel/framework/src/Illuminate/Database/Connection.php(796): Illuminate/Database/Connection->handleQueryException(Object(Illuminate/Database/QueryException), 'select exists (...', Array, Object(Closure))
#3 D:/Semester 6/Praktikum ABP/modul-10-11-12/2311102169_BenWaizPintusW/FestivalMakanan/vendor/laravel/framework/src/Illuminate/Database/Connection.php(411): Illuminate/Database/Connection->run('select exists (...', Array, Object(Closure))
#4 D:/Semester 6/Praktikum ABP/modul-10-11-12/2311102169_BenWaizPintusW/FestivalMakanan/vendor/laravel/framework/src/Illuminate/Database/Connection.php(357): Illuminate/Database/Connection->select('select exists (...', Array, true)
#5 D:/Semester 6/Praktikum ABP/modul-10-11-12/2311102169_BenWaizPintusW/FestivalMakanan/vendor/laravel/framework/src/Illuminate/Database/Connection.php(374): Illuminate/Database/Connection->selectOne('select exists (...', Array, true)
#6 D:/Semester 6/Praktikum ABP/modul-10-11-12/2311102169_BenWaizPintusW/FestivalMakanan/vendor/laravel/framework/src/Illuminate/Database/Schema/Builder.php(176): Illuminate/Database/Connection->scalar('select exists (...')
#7 D:/Semester 6/Praktikum ABP/modul-10-11-12/2311102169_BenWaizPintusW/FestivalMakanan/vendor/laravel/framework/src/Illuminate/Database/Migrations/DatabaseMigrationRepository.php(185): Illuminate/Database/Schema/Builder->hasTable('migrations')
#8 D:/Semester 6/Praktikum ABP/modul-10-11-12/2311102169_BenWaizPintusW/FestivalMakanan/vendor/laravel/framework/src/Illuminate/Database/Migrations/Migrator.php(758): Illuminate/Database/Migrations/DatabaseMigrationRepository->repositoryExists()
#9 D:/Semester 6/Praktikum ABP/modul-10-11-12/2311102169_BenWaizPintusW/FestivalMakanan/vendor/laravel/framework/src/Illuminate/Database/Console/Migrations/MigrateCommand.php(164): Illuminate/Database/Migrations/Migrator->repositoryExists()
#10 D:/Semester 6/Praktikum ABP/modul-10-11-12/2311102169_BenWaizPintusW/FestivalMakanan/vendor/laravel/framework/src/Illuminate/Support/helpers.php(328): Illuminate/Database/Console/Migrations/MigrateCommand->Illuminate/Database/Console/Migrations/{closure}(1)
#11 D:/Semester 6/Praktikum ABP/modul-10-11-12/2311102169_BenWaizPintusW/FestivalMakanan/vendor/laravel/framework/src/Illuminate/Database/Console/Migrations/MigrateCommand.php(164): retry(1, Object(Closure), 0, Object(Closure))
#12 D:/Semester 6/Praktikum ABP/modul-10-11-12/2311102169_BenWaizPintusW/FestivalMakanan/vendor/laravel/framework/src/Illuminate/Database/Console/Migrations/MigrateCommand.php(140): Illuminate/Database/Console/Migrations/MigrateCommand->repositoryExists()
#13 D:/Semester 6/Praktikum ABP/modul-10-11-12/2311102169_BenWaizPintusW/FestivalMakanan/vendor/laravel/framework/src/Illuminate/Database/Console/Migrations/MigrateCommand.php(110): Illuminate/Database/Console/Migrations/MigrateCommand->prepareDatabase()
#14 D:/Semester 6/Praktikum ABP/modul-10-11-12/2311102169_BenWaizPintusW/FestivalMakanan/vendor/laravel/framework/src/Illuminate/Database/Migrations/Migrator.php(671): Illuminate/Database/Console/Migrations/MigrateCommand->Illuminate/Database/Console/Migrations/{closure}()
#15 D:/Semester 6/Praktikum ABP/modul-10-11-12/2311102169_BenWaizPintusW/FestivalMakanan/vendor/laravel/framework/src/Illuminate/Database/Console/Migrations/MigrateCommand.php(109): Illuminate/Database/Migrations/Migrator->usingConnection(NULL, Object(Closure))
#16 D:/Semester 6/Praktikum ABP/modul-10-11-12/2311102169_BenWaizPintusW/FestivalMakanan/vendor/laravel/framework/src/Illuminate/Database/Console/Migrations/MigrateCommand.php(88): Illuminate/Database/Console/Migrations/MigrateCommand->runMigrations()
#17 D:/Semester 6/Praktikum ABP/modul-10-11-12/2311102169_BenWaizPintusW/FestivalMakanan/vendor/laravel/framework/src/Illuminate/Container/BoundMethod.php(36): Illuminate/Database/Console/Migrations/MigrateCommand->handle()
#18 D:/Semester 6/Praktikum ABP/modul-10-11-12/2311102169_BenWaizPintusW/FestivalMakanan/vendor/laravel/framework/src/Illuminate/Container/Util.php(43): Illuminate/Container/BoundMethod::Illuminate/Container/{closure}()
#19 D:/Semester 6/Praktikum ABP/modul-10-11-12/2311102169_BenWaizPintusW/FestivalMakanan/vendor/laravel/framework/src/Illuminate/Container/BoundMethod.php(96): Illuminate/Container/Util::unwrapIfClosure(Object(Closure))
#20 D:/Semester 6/Praktikum ABP/modul-10-11-12/2311102169_BenWaizPintusW/FestivalMakanan/vendor/laravel/framework/src/Illuminate/Container/BoundMethod.php(35): Illuminate/Container/BoundMethod::callBoundMethod(Object(Illuminate/Foundation/Application), Array, Object(Closure))
#21 D:/Semester 6/Praktikum ABP/modul-10-11-12/2311102169_BenWaizPintusW/FestivalMakanan/vendor/laravel/framework/src/Illuminate/Container/Container.php(799): Illuminate/Container/BoundMethod::call(Object(Illuminate/Foundation/Application), Array, Array, NULL)
#22 D:/Semester 6/Praktikum ABP/modul-10-11-12/2311102169_BenWaizPintusW/FestivalMakanan/vendor/laravel/framework/src/Illuminate/Console/Command.php(211): Illuminate/Container/Container->call(Array)
#23 D:/Semester 6/Praktikum ABP/modul-10-11-12/2311102169_BenWaizPintusW/FestivalMakanan/vendor/symfony/console/Command/Command.php(341): Illuminate/Console/Command->execute(Object(Symfony/Component/Console/Input/ArgvInput), Object(Illuminate/Console/OutputStyle))
#24 D:/Semester 6/Praktikum ABP/modul-10-11-12/2311102169_BenWaizPintusW/FestivalMakanan/vendor/laravel/framework/src/Illuminate/Console/Command.php(180): Symfony/Component/Console/Command/Command->run(Object(Symfony/Component/Console/Input/ArgvInput), Object(Illuminate/Console/OutputStyle))
#25 D:/Semester 6/Praktikum ABP/modul-10-11-12/2311102169_BenWaizPintusW/FestivalMakanan/vendor/symfony/console/Application.php(1117): Illuminate/Console/Command->run(Object(Symfony/Component/Console/Input/ArgvInput), Object(Symfony/Component/Console/Output/ConsoleOutput))
#26 D:/Semester 6/Praktikum ABP/modul-10-11-12/2311102169_BenWaizPintusW/FestivalMakanan/vendor/symfony/console/Application.php(356): Symfony/Component/Console/Application->doRunCommand(Object(Illuminate/Database/Console/Migrations/MigrateCommand), Object(Symfony/Component/Console/Input/ArgvInput), Object(Symfony/Component/Console/Output/ConsoleOutput))
#27 D:/Semester 6/Praktikum ABP/modul-10-11-12/2311102169_BenWaizPintusW/FestivalMakanan/vendor/symfony/console/Application.php(195): Symfony/Component/Console/Application->doRun(Object(Symfony/Component/Console/Input/ArgvInput), Object(Symfony/Component/Console/Output/ConsoleOutput))
#28 D:/Semester 6/Praktikum ABP/modul-10-11-12/2311102169_BenWaizPintusW/FestivalMakanan/vendor/laravel/framework/src/Illuminate/Foundation/Console/Kernel.php(198): Symfony/Component/Console/Application->run(Object(Symfony/Component/Console/Input/ArgvInput), Object(Symfony/Component/Console/Output/ConsoleOutput))
#29 D:/Semester 6/Praktikum ABP/modul-10-11-12/2311102169_BenWaizPintusW/FestivalMakanan/vendor/laravel/framework/src/Illuminate/Foundation/Application.php(1235): Illuminate/Foundation/Console/Kernel->handle(Object(Symfony/Component/Console/Input/ArgvInput), Object(Symfony/Component/Console/Output/ConsoleOutput))
#30 D:/Semester 6/Praktikum ABP/modul-10-11-12/2311102169_BenWaizPintusW/FestivalMakanan/artisan(16): Illuminate/Foundation/Application->handleCommand(Object(Symfony/Component/Console/Input/ArgvInput))
#31 {main}

[previous exception] [object] (PDOException(code: 1045): SQLSTATE[HY000] [1045] Access denied for user 'root'@'localhost' (using password: NO) at D:/Semester 6/Praktikum ABP/modul-10-11-12/2311102169_BenWaizPintusW/FestivalMakanan/vendor/laravel/framework/src/Illuminate/Database/Connectors/Connector.php:66)
[stacktrace]
#0 D:/Semester 6/Praktikum ABP/modul-10-11-12/2311102169_BenWaizPintusW/FestivalMakanan/vendor/laravel/framework/src/Illuminate/Database/Connectors/Connector.php(66): PDO->__construct('mysql:host=127....', 'root', Object(SensitiveParameterValue), Array)
#1 D:/Semester 6/Praktikum ABP/modul-10-11-12/2311102169_BenWaizPintusW/FestivalMakanan/vendor/laravel/framework/src/Illuminate/Database/Connectors/Connector.php(85): Illuminate/Database/Connectors/Connector->createPdoConnection('mysql:host=127....', 'root', Object(SensitiveParameterValue), Array)
#2 D:/Semester 6/Praktikum ABP/modul-10-11-12/2311102169_BenWaizPintusW/FestivalMakanan/vendor/laravel/framework/src/Illuminate/Database/Connectors/Connector.php(48): Illuminate/Database/Connectors/Connector->tryAgainIfCausedByLostConnection(Object(PDOException), 'mysql:host=127....', 'root', Object(SensitiveParameterValue), Array)
#3 D:/Semester 6/Praktikum ABP/modul-10-11-12/2311102169_BenWaizPintusW/FestivalMakanan/vendor/laravel/framework/src/Illuminate/Database/Connectors/MySqlConnector.php(24): Illuminate/Database/Connectors/Connector->createConnection('mysql:host=127....', Array, Array)
#4 D:/Semester 6/Praktikum ABP/modul-10-11-12/2311102169_BenWaizPintusW/FestivalMakanan/vendor/laravel/framework/src/Illuminate/Database/Connectors/ConnectionFactory.php(186): Illuminate/Database/Connectors/MySqlConnector->connect(Array)
#5 [internal function]: Illuminate/Database/Connectors/ConnectionFactory->Illuminate/Database/Connectors/{closure}()
#6 D:/Semester 6/Praktikum ABP/modul-10-11-12/2311102169_BenWaizPintusW/FestivalMakanan/vendor/laravel/framework/src/Illuminate/Database/Connection.php(1257): call_user_func(Object(Closure))
#7 D:/Semester 6/Praktikum ABP/modul-10-11-12/2311102169_BenWaizPintusW/FestivalMakanan/vendor/laravel/framework/src/Illuminate/Database/Connection.php(1295): Illuminate/Database/Connection->getPdo()
#8 D:/Semester 6/Praktikum ABP/modul-10-11-12/2311102169_BenWaizPintusW/FestivalMakanan/vendor/laravel/framework/src/Illuminate/Database/Connection.php(525): Illuminate/Database/Connection->getReadPdo()
#9 D:/Semester 6/Praktikum ABP/modul-10-11-12/2311102169_BenWaizPintusW/FestivalMakanan/vendor/laravel/framework/src/Illuminate/Database/Connection.php(420): Illuminate/Database/Connection->getPdoForSelect(true)
#10 D:/Semester 6/Praktikum ABP/modul-10-11-12/2311102169_BenWaizPintusW/FestivalMakanan/vendor/laravel/framework/src/Illuminate/Database/Connection.php(827): Illuminate/Database/Connection->Illuminate/Database/{closure}('select exists (...', Array)
#11 D:/Semester 6/Praktikum ABP/modul-10-11-12/2311102169_BenWaizPintusW/FestivalMakanan/vendor/laravel/framework/src/Illuminate/Database/Connection.php(999): Illuminate/Database/Connection->runQueryCallback('select exists (...', Array, Object(Closure))
#12 D:/Semester 6/Praktikum ABP/modul-10-11-12/2311102169_BenWaizPintusW/FestivalMakanan/vendor/laravel/framework/src/Illuminate/Database/Connection.php(978): Illuminate/Database/Connection->tryAgainIfCausedByLostConnection(Object(Illuminate/Database/QueryException), 'select exists (...', Array, Object(Closure))
#13 D:/Semester 6/Praktikum ABP/modul-10-11-12/2311102169_BenWaizPintusW/FestivalMakanan/vendor/laravel/framework/src/Illuminate/Database/Connection.php(796): Illuminate/Database/Connection->handleQueryException(Object(Illuminate/Database/QueryException), 'select exists (...', Array, Object(Closure))
#14 D:/Semester 6/Praktikum ABP/modul-10-11-12/2311102169_BenWaizPintusW/FestivalMakanan/vendor/laravel/framework/src/Illuminate/Database/Connection.php(411): Illuminate/Database/Connection->run('select exists (...', Array, Object(Closure))
#15 D:/Semester 6/Praktikum ABP/modul-10-11-12/2311102169_BenWaizPintusW/FestivalMakanan/vendor/laravel/framework/src/Illuminate/Database/Connection.php(357): Illuminate/Database/Connection->select('select exists (...', Array, true)
#16 D:/Semester 6/Praktikum ABP/modul-10-11-12/2311102169_BenWaizPintusW/FestivalMakanan/vendor/laravel/framework/src/Illuminate/Database/Connection.php(374): Illuminate/Database/Connection->selectOne('select exists (...', Array, true)
#17 D:/Semester 6/Praktikum ABP/modul-10-11-12/2311102169_BenWaizPintusW/FestivalMakanan/vendor/laravel/framework/src/Illuminate/Database/Schema/Builder.php(176): Illuminate/Database/Connection->scalar('select exists (...')
#18 D:/Semester 6/Praktikum ABP/modul-10-11-12/2311102169_BenWaizPintusW/FestivalMakanan/vendor/laravel/framework/src/Illuminate/Database/Migrations/DatabaseMigrationRepository.php(185): Illuminate/Database/Schema/Builder->hasTable('migrations')
#19 D:/Semester 6/Praktikum ABP/modul-10-11-12/2311102169_BenWaizPintusW/FestivalMakanan/vendor/laravel/framework/src/Illuminate/Database/Migrations/Migrator.php(758): Illuminate/Database/Migrations/DatabaseMigrationRepository->repositoryExists()
#20 D:/Semester 6/Praktikum ABP/modul-10-11-12/2311102169_BenWaizPintusW/FestivalMakanan/vendor/laravel/framework/src/Illuminate/Database/Console/Migrations/MigrateCommand.php(164): Illuminate/Database/Migrations/Migrator->repositoryExists()
#21 D:/Semester 6/Praktikum ABP/modul-10-11-12/2311102169_BenWaizPintusW/FestivalMakanan/vendor/laravel/framework/src/Illuminate/Support/helpers.php(328): Illuminate/Database/Console/Migrations/MigrateCommand->Illuminate/Database/Console/Migrations/{closure}(1)
#22 D:/Semester 6/Praktikum ABP/modul-10-11-12/2311102169_BenWaizPintusW/FestivalMakanan/vendor/laravel/framework/src/Illuminate/Database/Console/Migrations/MigrateCommand.php(164): retry(1, Object(Closure), 0, Object(Closure))
#23 D:/Semester 6/Praktikum ABP/modul-10-11-12/2311102169_BenWaizPintusW/FestivalMakanan/vendor/laravel/framework/src/Illuminate/Database/Console/Migrations/MigrateCommand.php(140): Illuminate/Database/Console/Migrations/MigrateCommand->repositoryExists()
#24 D:/Semester 6/Praktikum ABP/modul-10-11-12/2311102169_BenWaizPintusW/FestivalMakanan/vendor/laravel/framework/src/Illuminate/Database/Console/Migrations/MigrateCommand.php(110): Illuminate/Database/Console/Migrations/MigrateCommand->prepareDatabase()
#25 D:/Semester 6/Praktikum ABP/modul-10-11-12/2311102169_BenWaizPintusW/FestivalMakanan/vendor/laravel/framework/src/Illuminate/Database/Migrations/Migrator.php(671): Illuminate/Database/Console/Migrations/MigrateCommand->Illuminate/Database/Console/Migrations/{closure}()
#26 D:/Semester 6/Praktikum ABP/modul-10-11-12/2311102169_BenWaizPintusW/FestivalMakanan/vendor/laravel/framework/src/Illuminate/Database/Console/Migrations/MigrateCommand.php(109): Illuminate/Database/Migrations/Migrator->usingConnection(NULL, Object(Closure))
#27 D:/Semester 6/Praktikum ABP/modul-10-11-12/2311102169_BenWaizPintusW/FestivalMakanan/vendor/laravel/framework/src/Illuminate/Database/Console/Migrations/MigrateCommand.php(88): Illuminate/Database/Console/Migrations/MigrateCommand->runMigrations()
#28 D:/Semester 6/Praktikum ABP/modul-10-11-12/2311102169_BenWaizPintusW/FestivalMakanan/vendor/laravel/framework/src/Illuminate/Container/BoundMethod.php(36): Illuminate/Database/Console/Migrations/MigrateCommand->handle()
#29 D:/Semester 6/Praktikum ABP/modul-10-11-12/2311102169_BenWaizPintusW/FestivalMakanan/vendor/laravel/framework/src/Illuminate/Container/Util.php(43): Illuminate/Container/BoundMethod::Illuminate/Container/{closure}()
#30 D:/Semester 6/Praktikum ABP/modul-10-11-12/2311102169_BenWaizPintusW/FestivalMakanan/vendor/laravel/framework/src/Illuminate/Container/BoundMethod.php(96): Illuminate/Container/Util::unwrapIfClosure(Object(Closure))
#31 D:/Semester 6/Praktikum ABP/modul-10-11-12/2311102169_BenWaizPintusW/FestivalMakanan/vendor/laravel/framework/src/Illuminate/Container/BoundMethod.php(35): Illuminate/Container/BoundMethod::callBoundMethod(Object(Illuminate/Foundation/Application), Array, Object(Closure))
#32 D:/Semester 6/Praktikum ABP/modul-10-11-12/2311102169_BenWaizPintusW/FestivalMakanan/vendor/laravel/framework/src/Illuminate/Container/Container.php(799): Illuminate/Container/BoundMethod::call(Object(Illuminate/Foundation/Application), Array, Array, NULL)
#33 D:/Semester 6/Praktikum ABP/modul-10-11-12/2311102169_BenWaizPintusW/FestivalMakanan/vendor/laravel/framework/src/Illuminate/Console/Command.php(211): Illuminate/Container/Container->call(Array)
#34 D:/Semester 6/Praktikum ABP/modul-10-11-12/2311102169_BenWaizPintusW/FestivalMakanan/vendor/symfony/console/Command/Command.php(341): Illuminate/Console/Command->execute(Object(Symfony/Component/Console/Input/ArgvInput), Object(Illuminate/Console/OutputStyle))
#35 D:/Semester 6/Praktikum ABP/modul-10-11-12/2311102169_BenWaizPintusW/FestivalMakanan/vendor/laravel/framework/src/Illuminate/Console/Command.php(180): Symfony/Component/Console/Command/Command->run(Object(Symfony/Component/Console/Input/ArgvInput), Object(Illuminate/Console/OutputStyle))
#36 D:/Semester 6/Praktikum ABP/modul-10-11-12/2311102169_BenWaizPintusW/FestivalMakanan/vendor/symfony/console/Application.php(1117): Illuminate/Console/Command->run(Object(Symfony/Component/Console/Input/ArgvInput), Object(Symfony/Component/Console/Output/ConsoleOutput))
#37 D:/Semester 6/Praktikum ABP/modul-10-11-12/2311102169_BenWaizPintusW/FestivalMakanan/vendor/symfony/console/Application.php(356): Symfony/Component/Console/Application->doRunCommand(Object(Illuminate/Database/Console/Migrations/MigrateCommand), Object(Symfony/Component/Console/Input/ArgvInput), Object(Symfony/Component/Console/Output/ConsoleOutput))
#38 D:/Semester 6/Praktikum ABP/modul-10-11-12/2311102169_BenWaizPintusW/FestivalMakanan/vendor/symfony/console/Application.php(195): Symfony/Component/Console/Application->doRun(Object(Symfony/Component/Console/Input/ArgvInput), Object(Symfony/Component/Console/Output/ConsoleOutput))
#39 D:/Semester 6/Praktikum ABP/modul-10-11-12/2311102169_BenWaizPintusW/FestivalMakanan/vendor/laravel/framework/src/Illuminate/Foundation/Console/Kernel.php(198): Symfony/Component/Console/Application->run(Object(Symfony/Component/Console/Input/ArgvInput), Object(Symfony/Component/Console/Output/ConsoleOutput))
#40 D:/Semester 6/Praktikum ABP/modul-10-11-12/2311102169_BenWaizPintusW/FestivalMakanan/vendor/laravel/framework/src/Illuminate/Foundation/Application.php(1235): Illuminate/Foundation/Console/Kernel->handle(Object(Symfony/Component/Console/Input/ArgvInput), Object(Symfony/Component/Console/Output/ConsoleOutput))
#41 D:/Semester 6/Praktikum ABP/modul-10-11-12/2311102169_BenWaizPintusW/FestivalMakanan/artisan(16): Illuminate/Foundation/Application->handleCommand(Object(Symfony/Component/Console/Input/ArgvInput))
#42 {main}
"} 
[2026-04-21 12:10:46] local.ERROR: SQLSTATE[HY000] [1045] Access denied for user 'root'@'localhost' (using password: NO) (Connection: mysql, Host: 127.0.0.1, Port: 3306, Database: laravel, SQL: select exists (select 1 from information_schema.tables where table_schema = schema() and table_name = 'migrations' and table_type in ('BASE TABLE', 'SYSTEM VERSIONED')) as `exists`) {"exception":"[object] (Illuminate\\Database\\QueryException(code: 1045): SQLSTATE[HY000] [1045] Access denied for user 'root'@'localhost' (using password: NO) (Connection: mysql, Host: 127.0.0.1, Port: 3306, Database: laravel, SQL: select exists (select 1 from information_schema.tables where table_schema = schema() and table_name = 'migrations' and table_type in ('BASE TABLE', 'SYSTEM VERSIONED')) as `exists`) at D:/Semester 6/Praktikum ABP/modul-10-11-12/2311102169_BenWaizPintusW/FestivalMakanan/vendor/laravel/framework/src/Illuminate/Database/Connection.php:838)
[stacktrace]
#0 D:/Semester 6/Praktikum ABP/modul-10-11-12/2311102169_BenWaizPintusW/FestivalMakanan/vendor/laravel/framework/src/Illuminate/Database/Connection.php(999): Illuminate/Database/Connection->runQueryCallback('select exists (...', Array, Object(Closure))
#1 D:/Semester 6/Praktikum ABP/modul-10-11-12/2311102169_BenWaizPintusW/FestivalMakanan/vendor/laravel/framework/src/Illuminate/Database/Connection.php(978): Illuminate/Database/Connection->tryAgainIfCausedByLostConnection(Object(Illuminate/Database/QueryException), 'select exists (...', Array, Object(Closure))
#2 D:/Semester 6/Praktikum ABP/modul-10-11-12/2311102169_BenWaizPintusW/FestivalMakanan/vendor/laravel/framework/src/Illuminate/Database/Connection.php(796): Illuminate/Database/Connection->handleQueryException(Object(Illuminate/Database/QueryException), 'select exists (...', Array, Object(Closure))
#3 D:/Semester 6/Praktikum ABP/modul-10-11-12/2311102169_BenWaizPintusW/FestivalMakanan/vendor/laravel/framework/src/Illuminate/Database/Connection.php(411): Illuminate/Database/Connection->run('select exists (...', Array, Object(Closure))
#4 D:/Semester 6/Praktikum ABP/modul-10-11-12/2311102169_BenWaizPintusW/FestivalMakanan/vendor/laravel/framework/src/Illuminate/Database/Connection.php(357): Illuminate/Database/Connection->select('select exists (...', Array, true)
#5 D:/Semester 6/Praktikum ABP/modul-10-11-12/2311102169_BenWaizPintusW/FestivalMakanan/vendor/laravel/framework/src/Illuminate/Database/Connection.php(374): Illuminate/Database/Connection->selectOne('select exists (...', Array, true)
#6 D:/Semester 6/Praktikum ABP/modul-10-11-12/2311102169_BenWaizPintusW/FestivalMakanan/vendor/laravel/framework/src/Illuminate/Database/Schema/Builder.php(176): Illuminate/Database/Connection->scalar('select exists (...')
#7 D:/Semester 6/Praktikum ABP/modul-10-11-12/2311102169_BenWaizPintusW/FestivalMakanan/vendor/laravel/framework/src/Illuminate/Database/Migrations/DatabaseMigrationRepository.php(185): Illuminate/Database/Schema/Builder->hasTable('migrations')
#8 D:/Semester 6/Praktikum ABP/modul-10-11-12/2311102169_BenWaizPintusW/FestivalMakanan/vendor/laravel/framework/src/Illuminate/Database/Migrations/Migrator.php(758): Illuminate/Database/Migrations/DatabaseMigrationRepository->repositoryExists()
#9 D:/Semester 6/Praktikum ABP/modul-10-11-12/2311102169_BenWaizPintusW/FestivalMakanan/vendor/laravel/framework/src/Illuminate/Database/Console/Migrations/MigrateCommand.php(164): Illuminate/Database/Migrations/Migrator->repositoryExists()
#10 D:/Semester 6/Praktikum ABP/modul-10-11-12/2311102169_BenWaizPintusW/FestivalMakanan/vendor/laravel/framework/src/Illuminate/Support/helpers.php(328): Illuminate/Database/Console/Migrations/MigrateCommand->Illuminate/Database/Console/Migrations/{closure}(1)
#11 D:/Semester 6/Praktikum ABP/modul-10-11-12/2311102169_BenWaizPintusW/FestivalMakanan/vendor/laravel/framework/src/Illuminate/Database/Console/Migrations/MigrateCommand.php(164): retry(1, Object(Closure), 0, Object(Closure))
#12 D:/Semester 6/Praktikum ABP/modul-10-11-12/2311102169_BenWaizPintusW/FestivalMakanan/vendor/laravel/framework/src/Illuminate/Database/Console/Migrations/MigrateCommand.php(140): Illuminate/Database/Console/Migrations/MigrateCommand->repositoryExists()
#13 D:/Semester 6/Praktikum ABP/modul-10-11-12/2311102169_BenWaizPintusW/FestivalMakanan/vendor/laravel/framework/src/Illuminate/Database/Console/Migrations/MigrateCommand.php(110): Illuminate/Database/Console/Migrations/MigrateCommand->prepareDatabase()
#14 D:/Semester 6/Praktikum ABP/modul-10-11-12/2311102169_BenWaizPintusW/FestivalMakanan/vendor/laravel/framework/src/Illuminate/Database/Migrations/Migrator.php(671): Illuminate/Database/Console/Migrations/MigrateCommand->Illuminate/Database/Console/Migrations/{closure}()
#15 D:/Semester 6/Praktikum ABP/modul-10-11-12/2311102169_BenWaizPintusW/FestivalMakanan/vendor/laravel/framework/src/Illuminate/Database/Console/Migrations/MigrateCommand.php(109): Illuminate/Database/Migrations/Migrator->usingConnection(NULL, Object(Closure))
#16 D:/Semester 6/Praktikum ABP/modul-10-11-12/2311102169_BenWaizPintusW/FestivalMakanan/vendor/laravel/framework/src/Illuminate/Database/Console/Migrations/MigrateCommand.php(88): Illuminate/Database/Console/Migrations/MigrateCommand->runMigrations()
#17 D:/Semester 6/Praktikum ABP/modul-10-11-12/2311102169_BenWaizPintusW/FestivalMakanan/vendor/laravel/framework/src/Illuminate/Container/BoundMethod.php(36): Illuminate/Database/Console/Migrations/MigrateCommand->handle()
#18 D:/Semester 6/Praktikum ABP/modul-10-11-12/2311102169_BenWaizPintusW/FestivalMakanan/vendor/laravel/framework/src/Illuminate/Container/Util.php(43): Illuminate/Container/BoundMethod::Illuminate/Container/{closure}()
#19 D:/Semester 6/Praktikum ABP/modul-10-11-12/2311102169_BenWaizPintusW/FestivalMakanan/vendor/laravel/framework/src/Illuminate/Container/BoundMethod.php(96): Illuminate/Container/Util::unwrapIfClosure(Object(Closure))
#20 D:/Semester 6/Praktikum ABP/modul-10-11-12/2311102169_BenWaizPintusW/FestivalMakanan/vendor/laravel/framework/src/Illuminate/Container/BoundMethod.php(35): Illuminate/Container/BoundMethod::callBoundMethod(Object(Illuminate/Foundation/Application), Array, Object(Closure))
#21 D:/Semester 6/Praktikum ABP/modul-10-11-12/2311102169_BenWaizPintusW/FestivalMakanan/vendor/laravel/framework/src/Illuminate/Container/Container.php(799): Illuminate/Container/BoundMethod::call(Object(Illuminate/Foundation/Application), Array, Array, NULL)
#22 D:/Semester 6/Praktikum ABP/modul-10-11-12/2311102169_BenWaizPintusW/FestivalMakanan/vendor/laravel/framework/src/Illuminate/Console/Command.php(211): Illuminate/Container/Container->call(Array)
#23 D:/Semester 6/Praktikum ABP/modul-10-11-12/2311102169_BenWaizPintusW/FestivalMakanan/vendor/symfony/console/Command/Command.php(341): Illuminate/Console/Command->execute(Object(Symfony/Component/Console/Input/ArgvInput), Object(Illuminate/Console/OutputStyle))
#24 D:/Semester 6/Praktikum ABP/modul-10-11-12/2311102169_BenWaizPintusW/FestivalMakanan/vendor/laravel/framework/src/Illuminate/Console/Command.php(180): Symfony/Component/Console/Command/Command->run(Object(Symfony/Component/Console/Input/ArgvInput), Object(Illuminate/Console/OutputStyle))
#25 D:/Semester 6/Praktikum ABP/modul-10-11-12/2311102169_BenWaizPintusW/FestivalMakanan/vendor/symfony/console/Application.php(1117): Illuminate/Console/Command->run(Object(Symfony/Component/Console/Input/ArgvInput), Object(Symfony/Component/Console/Output/ConsoleOutput))
#26 D:/Semester 6/Praktikum ABP/modul-10-11-12/2311102169_BenWaizPintusW/FestivalMakanan/vendor/symfony/console/Application.php(356): Symfony/Component/Console/Application->doRunCommand(Object(Illuminate/Database/Console/Migrations/MigrateCommand), Object(Symfony/Component/Console/Input/ArgvInput), Object(Symfony/Component/Console/Output/ConsoleOutput))
#27 D:/Semester 6/Praktikum ABP/modul-10-11-12/2311102169_BenWaizPintusW/FestivalMakanan/vendor/symfony/console/Application.php(195): Symfony/Component/Console/Application->doRun(Object(Symfony/Component/Console/Input/ArgvInput), Object(Symfony/Component/Console/Output/ConsoleOutput))
#28 D:/Semester 6/Praktikum ABP/modul-10-11-12/2311102169_BenWaizPintusW/FestivalMakanan/vendor/laravel/framework/src/Illuminate/Foundation/Console/Kernel.php(198): Symfony/Component/Console/Application->run(Object(Symfony/Component/Console/Input/ArgvInput), Object(Symfony/Component/Console/Output/ConsoleOutput))
#29 D:/Semester 6/Praktikum ABP/modul-10-11-12/2311102169_BenWaizPintusW/FestivalMakanan/vendor/laravel/framework/src/Illuminate/Foundation/Application.php(1235): Illuminate/Foundation/Console/Kernel->handle(Object(Symfony/Component/Console/Input/ArgvInput), Object(Symfony/Component/Console/Output/ConsoleOutput))
#30 D:/Semester 6/Praktikum ABP/modul-10-11-12/2311102169_BenWaizPintusW/FestivalMakanan/artisan(16): Illuminate/Foundation/Application->handleCommand(Object(Symfony/Component/Console/Input/ArgvInput))
#31 {main}

[previous exception] [object] (PDOException(code: 1045): SQLSTATE[HY000] [1045] Access denied for user 'root'@'localhost' (using password: NO) at D:/Semester 6/Praktikum ABP/modul-10-11-12/2311102169_BenWaizPintusW/FestivalMakanan/vendor/laravel/framework/src/Illuminate/Database/Connectors/Connector.php:66)
[stacktrace]
#0 D:/Semester 6/Praktikum ABP/modul-10-11-12/2311102169_BenWaizPintusW/FestivalMakanan/vendor/laravel/framework/src/Illuminate/Database/Connectors/Connector.php(66): PDO->__construct('mysql:host=127....', 'root', Object(SensitiveParameterValue), Array)
#1 D:/Semester 6/Praktikum ABP/modul-10-11-12/2311102169_BenWaizPintusW/FestivalMakanan/vendor/laravel/framework/src/Illuminate/Database/Connectors/Connector.php(85): Illuminate/Database/Connectors/Connector->createPdoConnection('mysql:host=127....', 'root', Object(SensitiveParameterValue), Array)
#2 D:/Semester 6/Praktikum ABP/modul-10-11-12/2311102169_BenWaizPintusW/FestivalMakanan/vendor/laravel/framework/src/Illuminate/Database/Connectors/Connector.php(48): Illuminate/Database/Connectors/Connector->tryAgainIfCausedByLostConnection(Object(PDOException), 'mysql:host=127....', 'root', Object(SensitiveParameterValue), Array)
#3 D:/Semester 6/Praktikum ABP/modul-10-11-12/2311102169_BenWaizPintusW/FestivalMakanan/vendor/laravel/framework/src/Illuminate/Database/Connectors/MySqlConnector.php(24): Illuminate/Database/Connectors/Connector->createConnection('mysql:host=127....', Array, Array)
#4 D:/Semester 6/Praktikum ABP/modul-10-11-12/2311102169_BenWaizPintusW/FestivalMakanan/vendor/laravel/framework/src/Illuminate/Database/Connectors/ConnectionFactory.php(186): Illuminate/Database/Connectors/MySqlConnector->connect(Array)
#5 [internal function]: Illuminate/Database/Connectors/ConnectionFactory->Illuminate/Database/Connectors/{closure}()
#6 D:/Semester 6/Praktikum ABP/modul-10-11-12/2311102169_BenWaizPintusW/FestivalMakanan/vendor/laravel/framework/src/Illuminate/Database/Connection.php(1257): call_user_func(Object(Closure))
#7 D:/Semester 6/Praktikum ABP/modul-10-11-12/2311102169_BenWaizPintusW/FestivalMakanan/vendor/laravel/framework/src/Illuminate/Database/Connection.php(1295): Illuminate/Database/Connection->getPdo()
#8 D:/Semester 6/Praktikum ABP/modul-10-11-12/2311102169_BenWaizPintusW/FestivalMakanan/vendor/laravel/framework/src/Illuminate/Database/Connection.php(525): Illuminate/Database/Connection->getReadPdo()
#9 D:/Semester 6/Praktikum ABP/modul-10-11-12/2311102169_BenWaizPintusW/FestivalMakanan/vendor/laravel/framework/src/Illuminate/Database/Connection.php(420): Illuminate/Database/Connection->getPdoForSelect(true)
#10 D:/Semester 6/Praktikum ABP/modul-10-11-12/2311102169_BenWaizPintusW/FestivalMakanan/vendor/laravel/framework/src/Illuminate/Database/Connection.php(827): Illuminate/Database/Connection->Illuminate/Database/{closure}('select exists (...', Array)
#11 D:/Semester 6/Praktikum ABP/modul-10-11-12/2311102169_BenWaizPintusW/FestivalMakanan/vendor/laravel/framework/src/Illuminate/Database/Connection.php(999): Illuminate/Database/Connection->runQueryCallback('select exists (...', Array, Object(Closure))
#12 D:/Semester 6/Praktikum ABP/modul-10-11-12/2311102169_BenWaizPintusW/FestivalMakanan/vendor/laravel/framework/src/Illuminate/Database/Connection.php(978): Illuminate/Database/Connection->tryAgainIfCausedByLostConnection(Object(Illuminate/Database/QueryException), 'select exists (...', Array, Object(Closure))
#13 D:/Semester 6/Praktikum ABP/modul-10-11-12/2311102169_BenWaizPintusW/FestivalMakanan/vendor/laravel/framework/src/Illuminate/Database/Connection.php(796): Illuminate/Database/Connection->handleQueryException(Object(Illuminate/Database/QueryException), 'select exists (...', Array, Object(Closure))
#14 D:/Semester 6/Praktikum ABP/modul-10-11-12/2311102169_BenWaizPintusW/FestivalMakanan/vendor/laravel/framework/src/Illuminate/Database/Connection.php(411): Illuminate/Database/Connection->run('select exists (...', Array, Object(Closure))
#15 D:/Semester 6/Praktikum ABP/modul-10-11-12/2311102169_BenWaizPintusW/FestivalMakanan/vendor/laravel/framework/src/Illuminate/Database/Connection.php(357): Illuminate/Database/Connection->select('select exists (...', Array, true)
#16 D:/Semester 6/Praktikum ABP/modul-10-11-12/2311102169_BenWaizPintusW/FestivalMakanan/vendor/laravel/framework/src/Illuminate/Database/Connection.php(374): Illuminate/Database/Connection->selectOne('select exists (...', Array, true)
#17 D:/Semester 6/Praktikum ABP/modul-10-11-12/2311102169_BenWaizPintusW/FestivalMakanan/vendor/laravel/framework/src/Illuminate/Database/Schema/Builder.php(176): Illuminate/Database/Connection->scalar('select exists (...')
#18 D:/Semester 6/Praktikum ABP/modul-10-11-12/2311102169_BenWaizPintusW/FestivalMakanan/vendor/laravel/framework/src/Illuminate/Database/Migrations/DatabaseMigrationRepository.php(185): Illuminate/Database/Schema/Builder->hasTable('migrations')
#19 D:/Semester 6/Praktikum ABP/modul-10-11-12/2311102169_BenWaizPintusW/FestivalMakanan/vendor/laravel/framework/src/Illuminate/Database/Migrations/Migrator.php(758): Illuminate/Database/Migrations/DatabaseMigrationRepository->repositoryExists()
#20 D:/Semester 6/Praktikum ABP/modul-10-11-12/2311102169_BenWaizPintusW/FestivalMakanan/vendor/laravel/framework/src/Illuminate/Database/Console/Migrations/MigrateCommand.php(164): Illuminate/Database/Migrations/Migrator->repositoryExists()
#21 D:/Semester 6/Praktikum ABP/modul-10-11-12/2311102169_BenWaizPintusW/FestivalMakanan/vendor/laravel/framework/src/Illuminate/Support/helpers.php(328): Illuminate/Database/Console/Migrations/MigrateCommand->Illuminate/Database/Console/Migrations/{closure}(1)
#22 D:/Semester 6/Praktikum ABP/modul-10-11-12/2311102169_BenWaizPintusW/FestivalMakanan/vendor/laravel/framework/src/Illuminate/Database/Console/Migrations/MigrateCommand.php(164): retry(1, Object(Closure), 0, Object(Closure))
#23 D:/Semester 6/Praktikum ABP/modul-10-11-12/2311102169_BenWaizPintusW/FestivalMakanan/vendor/laravel/framework/src/Illuminate/Database/Console/Migrations/MigrateCommand.php(140): Illuminate/Database/Console/Migrations/MigrateCommand->repositoryExists()
#24 D:/Semester 6/Praktikum ABP/modul-10-11-12/2311102169_BenWaizPintusW/FestivalMakanan/vendor/laravel/framework/src/Illuminate/Database/Console/Migrations/MigrateCommand.php(110): Illuminate/Database/Console/Migrations/MigrateCommand->prepareDatabase()
#25 D:/Semester 6/Praktikum ABP/modul-10-11-12/2311102169_BenWaizPintusW/FestivalMakanan/vendor/laravel/framework/src/Illuminate/Database/Migrations/Migrator.php(671): Illuminate/Database/Console/Migrations/MigrateCommand->Illuminate/Database/Console/Migrations/{closure}()
#26 D:/Semester 6/Praktikum ABP/modul-10-11-12/2311102169_BenWaizPintusW/FestivalMakanan/vendor/laravel/framework/src/Illuminate/Database/Console/Migrations/MigrateCommand.php(109): Illuminate/Database/Migrations/Migrator->usingConnection(NULL, Object(Closure))
#27 D:/Semester 6/Praktikum ABP/modul-10-11-12/2311102169_BenWaizPintusW/FestivalMakanan/vendor/laravel/framework/src/Illuminate/Database/Console/Migrations/MigrateCommand.php(88): Illuminate/Database/Console/Migrations/MigrateCommand->runMigrations()
#28 D:/Semester 6/Praktikum ABP/modul-10-11-12/2311102169_BenWaizPintusW/FestivalMakanan/vendor/laravel/framework/src/Illuminate/Container/BoundMethod.php(36): Illuminate/Database/Console/Migrations/MigrateCommand->handle()
#29 D:/Semester 6/Praktikum ABP/modul-10-11-12/2311102169_BenWaizPintusW/FestivalMakanan/vendor/laravel/framework/src/Illuminate/Container/Util.php(43): Illuminate/Container/BoundMethod::Illuminate/Container/{closure}()
#30 D:/Semester 6/Praktikum ABP/modul-10-11-12/2311102169_BenWaizPintusW/FestivalMakanan/vendor/laravel/framework/src/Illuminate/Container/BoundMethod.php(96): Illuminate/Container/Util::unwrapIfClosure(Object(Closure))
#31 D:/Semester 6/Praktikum ABP/modul-10-11-12/2311102169_BenWaizPintusW/FestivalMakanan/vendor/laravel/framework/src/Illuminate/Container/BoundMethod.php(35): Illuminate/Container/BoundMethod::callBoundMethod(Object(Illuminate/Foundation/Application), Array, Object(Closure))
#32 D:/Semester 6/Praktikum ABP/modul-10-11-12/2311102169_BenWaizPintusW/FestivalMakanan/vendor/laravel/framework/src/Illuminate/Container/Container.php(799): Illuminate/Container/BoundMethod::call(Object(Illuminate/Foundation/Application), Array, Array, NULL)
#33 D:/Semester 6/Praktikum ABP/modul-10-11-12/2311102169_BenWaizPintusW/FestivalMakanan/vendor/laravel/framework/src/Illuminate/Console/Command.php(211): Illuminate/Container/Container->call(Array)
#34 D:/Semester 6/Praktikum ABP/modul-10-11-12/2311102169_BenWaizPintusW/FestivalMakanan/vendor/symfony/console/Command/Command.php(341): Illuminate/Console/Command->execute(Object(Symfony/Component/Console/Input/ArgvInput), Object(Illuminate/Console/OutputStyle))
#35 D:/Semester 6/Praktikum ABP/modul-10-11-12/2311102169_BenWaizPintusW/FestivalMakanan/vendor/laravel/framework/src/Illuminate/Console/Command.php(180): Symfony/Component/Console/Command/Command->run(Object(Symfony/Component/Console/Input/ArgvInput), Object(Illuminate/Console/OutputStyle))
#36 D:/Semester 6/Praktikum ABP/modul-10-11-12/2311102169_BenWaizPintusW/FestivalMakanan/vendor/symfony/console/Application.php(1117): Illuminate/Console/Command->run(Object(Symfony/Component/Console/Input/ArgvInput), Object(Symfony/Component/Console/Output/ConsoleOutput))
#37 D:/Semester 6/Praktikum ABP/modul-10-11-12/2311102169_BenWaizPintusW/FestivalMakanan/vendor/symfony/console/Application.php(356): Symfony/Component/Console/Application->doRunCommand(Object(Illuminate/Database/Console/Migrations/MigrateCommand), Object(Symfony/Component/Console/Input/ArgvInput), Object(Symfony/Component/Console/Output/ConsoleOutput))
#38 D:/Semester 6/Praktikum ABP/modul-10-11-12/2311102169_BenWaizPintusW/FestivalMakanan/vendor/symfony/console/Application.php(195): Symfony/Component/Console/Application->doRun(Object(Symfony/Component/Console/Input/ArgvInput), Object(Symfony/Component/Console/Output/ConsoleOutput))
#39 D:/Semester 6/Praktikum ABP/modul-10-11-12/2311102169_BenWaizPintusW/FestivalMakanan/vendor/laravel/framework/src/Illuminate/Foundation/Console/Kernel.php(198): Symfony/Component/Console/Application->run(Object(Symfony/Component/Console/Input/ArgvInput), Object(Symfony/Component/Console/Output/ConsoleOutput))
#40 D:/Semester 6/Praktikum ABP/modul-10-11-12/2311102169_BenWaizPintusW/FestivalMakanan/vendor/laravel/framework/src/Illuminate/Foundation/Application.php(1235): Illuminate/Foundation/Console/Kernel->handle(Object(Symfony/Component/Console/Input/ArgvInput), Object(Symfony/Component/Console/Output/ConsoleOutput))
#41 D:/Semester 6/Praktikum ABP/modul-10-11-12/2311102169_BenWaizPintusW/FestivalMakanan/artisan(16): Illuminate/Foundation/Application->handleCommand(Object(Symfony/Component/Console/Input/ArgvInput))
#42 {main}
"} 
[2026-04-21 12:12:56] local.ERROR: SQLSTATE[HY000] [1045] Access denied for user 'root'@'localhost' (using password: NO) (Connection: mysql, Host: 127.0.0.1, Port: 3306, Database: laravel, SQL: delete from `cache`) {"exception":"[object] (Illuminate\\Database\\QueryException(code: 1045): SQLSTATE[HY000] [1045] Access denied for user 'root'@'localhost' (using password: NO) (Connection: mysql, Host: 127.0.0.1, Port: 3306, Database: laravel, SQL: delete from `cache`) at D:/Semester 6/Praktikum ABP/modul-10-11-12/2311102169_BenWaizPintusW/FestivalMakanan/vendor/laravel/framework/src/Illuminate/Database/Connection.php:838)
[stacktrace]
#0 D:/Semester 6/Praktikum ABP/modul-10-11-12/2311102169_BenWaizPintusW/FestivalMakanan/vendor/laravel/framework/src/Illuminate/Database/Connection.php(999): Illuminate/Database/Connection->runQueryCallback('delete from `ca...', Array, Object(Closure))
#1 D:/Semester 6/Praktikum ABP/modul-10-11-12/2311102169_BenWaizPintusW/FestivalMakanan/vendor/laravel/framework/src/Illuminate/Database/Connection.php(978): Illuminate/Database/Connection->tryAgainIfCausedByLostConnection(Object(Illuminate/Database/QueryException), 'delete from `ca...', Array, Object(Closure))
#2 D:/Semester 6/Praktikum ABP/modul-10-11-12/2311102169_BenWaizPintusW/FestivalMakanan/vendor/laravel/framework/src/Illuminate/Database/Connection.php(796): Illuminate/Database/Connection->handleQueryException(Object(Illuminate/Database/QueryException), 'delete from `ca...', Array, Object(Closure))
#3 D:/Semester 6/Praktikum ABP/modul-10-11-12/2311102169_BenWaizPintusW/FestivalMakanan/vendor/laravel/framework/src/Illuminate/Database/Connection.php(597): Illuminate/Database/Connection->run('delete from `ca...', Array, Object(Closure))
#4 D:/Semester 6/Praktikum ABP/modul-10-11-12/2311102169_BenWaizPintusW/FestivalMakanan/vendor/laravel/framework/src/Illuminate/Database/Connection.php(561): Illuminate/Database/Connection->affectingStatement('delete from `ca...', Array)
#5 D:/Semester 6/Praktikum ABP/modul-10-11-12/2311102169_BenWaizPintusW/FestivalMakanan/vendor/laravel/framework/src/Illuminate/Database/Query/Builder.php(4426): Illuminate/Database/Connection->delete('delete from `ca...', Array)
#6 D:/Semester 6/Praktikum ABP/modul-10-11-12/2311102169_BenWaizPintusW/FestivalMakanan/vendor/laravel/framework/src/Illuminate/Cache/DatabaseStore.php(433): Illuminate/Database/Query/Builder->delete()
#7 D:/Semester 6/Praktikum ABP/modul-10-11-12/2311102169_BenWaizPintusW/FestivalMakanan/vendor/laravel/framework/src/Illuminate/Cache/Repository.php(979): Illuminate/Cache/DatabaseStore->flush()
#8 D:/Semester 6/Praktikum ABP/modul-10-11-12/2311102169_BenWaizPintusW/FestivalMakanan/vendor/laravel/framework/src/Illuminate/Cache/Console/ClearCommand.php(68): Illuminate/Cache/Repository->__call('flush', Array)
#9 D:/Semester 6/Praktikum ABP/modul-10-11-12/2311102169_BenWaizPintusW/FestivalMakanan/vendor/laravel/framework/src/Illuminate/Container/BoundMethod.php(36): Illuminate/Cache/Console/ClearCommand->handle()
#10 D:/Semester 6/Praktikum ABP/modul-10-11-12/2311102169_BenWaizPintusW/FestivalMakanan/vendor/laravel/framework/src/Illuminate/Container/Util.php(43): Illuminate/Container/BoundMethod::Illuminate/Container/{closure}()
#11 D:/Semester 6/Praktikum ABP/modul-10-11-12/2311102169_BenWaizPintusW/FestivalMakanan/vendor/laravel/framework/src/Illuminate/Container/BoundMethod.php(96): Illuminate/Container/Util::unwrapIfClosure(Object(Closure))
#12 D:/Semester 6/Praktikum ABP/modul-10-11-12/2311102169_BenWaizPintusW/FestivalMakanan/vendor/laravel/framework/src/Illuminate/Container/BoundMethod.php(35): Illuminate/Container/BoundMethod::callBoundMethod(Object(Illuminate/Foundation/Application), Array, Object(Closure))
#13 D:/Semester 6/Praktikum ABP/modul-10-11-12/2311102169_BenWaizPintusW/FestivalMakanan/vendor/laravel/framework/src/Illuminate/Container/Container.php(799): Illuminate/Container/BoundMethod::call(Object(Illuminate/Foundation/Application), Array, Array, NULL)
#14 D:/Semester 6/Praktikum ABP/modul-10-11-12/2311102169_BenWaizPintusW/FestivalMakanan/vendor/laravel/framework/src/Illuminate/Console/Command.php(211): Illuminate/Container/Container->call(Array)
#15 D:/Semester 6/Praktikum ABP/modul-10-11-12/2311102169_BenWaizPintusW/FestivalMakanan/vendor/symfony/console/Command/Command.php(341): Illuminate/Console/Command->execute(Object(Symfony/Component/Console/Input/ArgvInput), Object(Illuminate/Console/OutputStyle))
#16 D:/Semester 6/Praktikum ABP/modul-10-11-12/2311102169_BenWaizPintusW/FestivalMakanan/vendor/laravel/framework/src/Illuminate/Console/Command.php(180): Symfony/Component/Console/Command/Command->run(Object(Symfony/Component/Console/Input/ArgvInput), Object(Illuminate/Console/OutputStyle))
#17 D:/Semester 6/Praktikum ABP/modul-10-11-12/2311102169_BenWaizPintusW/FestivalMakanan/vendor/symfony/console/Application.php(1117): Illuminate/Console/Command->run(Object(Symfony/Component/Console/Input/ArgvInput), Object(Symfony/Component/Console/Output/ConsoleOutput))
#18 D:/Semester 6/Praktikum ABP/modul-10-11-12/2311102169_BenWaizPintusW/FestivalMakanan/vendor/symfony/console/Application.php(356): Symfony/Component/Console/Application->doRunCommand(Object(Illuminate/Cache/Console/ClearCommand), Object(Symfony/Component/Console/Input/ArgvInput), Object(Symfony/Component/Console/Output/ConsoleOutput))
#19 D:/Semester 6/Praktikum ABP/modul-10-11-12/2311102169_BenWaizPintusW/FestivalMakanan/vendor/symfony/console/Application.php(195): Symfony/Component/Console/Application->doRun(Object(Symfony/Component/Console/Input/ArgvInput), Object(Symfony/Component/Console/Output/ConsoleOutput))
#20 D:/Semester 6/Praktikum ABP/modul-10-11-12/2311102169_BenWaizPintusW/FestivalMakanan/vendor/laravel/framework/src/Illuminate/Foundation/Console/Kernel.php(198): Symfony/Component/Console/Application->run(Object(Symfony/Component/Console/Input/ArgvInput), Object(Symfony/Component/Console/Output/ConsoleOutput))
#21 D:/Semester 6/Praktikum ABP/modul-10-11-12/2311102169_BenWaizPintusW/FestivalMakanan/vendor/laravel/framework/src/Illuminate/Foundation/Application.php(1235): Illuminate/Foundation/Console/Kernel->handle(Object(Symfony/Component/Console/Input/ArgvInput), Object(Symfony/Component/Console/Output/ConsoleOutput))
#22 D:/Semester 6/Praktikum ABP/modul-10-11-12/2311102169_BenWaizPintusW/FestivalMakanan/artisan(16): Illuminate/Foundation/Application->handleCommand(Object(Symfony/Component/Console/Input/ArgvInput))
#23 {main}

[previous exception] [object] (PDOException(code: 1045): SQLSTATE[HY000] [1045] Access denied for user 'root'@'localhost' (using password: NO) at D:/Semester 6/Praktikum ABP/modul-10-11-12/2311102169_BenWaizPintusW/FestivalMakanan/vendor/laravel/framework/src/Illuminate/Database/Connectors/Connector.php:66)
[stacktrace]
#0 D:/Semester 6/Praktikum ABP/modul-10-11-12/2311102169_BenWaizPintusW/FestivalMakanan/vendor/laravel/framework/src/Illuminate/Database/Connectors/Connector.php(66): PDO->__construct('mysql:host=127....', 'root', Object(SensitiveParameterValue), Array)
#1 D:/Semester 6/Praktikum ABP/modul-10-11-12/2311102169_BenWaizPintusW/FestivalMakanan/vendor/laravel/framework/src/Illuminate/Database/Connectors/Connector.php(85): Illuminate/Database/Connectors/Connector->createPdoConnection('mysql:host=127....', 'root', Object(SensitiveParameterValue), Array)
#2 D:/Semester 6/Praktikum ABP/modul-10-11-12/2311102169_BenWaizPintusW/FestivalMakanan/vendor/laravel/framework/src/Illuminate/Database/Connectors/Connector.php(48): Illuminate/Database/Connectors/Connector->tryAgainIfCausedByLostConnection(Object(PDOException), 'mysql:host=127....', 'root', Object(SensitiveParameterValue), Array)
#3 D:/Semester 6/Praktikum ABP/modul-10-11-12/2311102169_BenWaizPintusW/FestivalMakanan/vendor/laravel/framework/src/Illuminate/Database/Connectors/MySqlConnector.php(24): Illuminate/Database/Connectors/Connector->createConnection('mysql:host=127....', Array, Array)
#4 D:/Semester 6/Praktikum ABP/modul-10-11-12/2311102169_BenWaizPintusW/FestivalMakanan/vendor/laravel/framework/src/Illuminate/Database/Connectors/ConnectionFactory.php(186): Illuminate/Database/Connectors/MySqlConnector->connect(Array)
#5 [internal function]: Illuminate/Database/Connectors/ConnectionFactory->Illuminate/Database/Connectors/{closure}()
#6 D:/Semester 6/Praktikum ABP/modul-10-11-12/2311102169_BenWaizPintusW/FestivalMakanan/vendor/laravel/framework/src/Illuminate/Database/Connection.php(1257): call_user_func(Object(Closure))
#7 D:/Semester 6/Praktikum ABP/modul-10-11-12/2311102169_BenWaizPintusW/FestivalMakanan/vendor/laravel/framework/src/Illuminate/Database/Connection.php(605): Illuminate/Database/Connection->getPdo()
#8 D:/Semester 6/Praktikum ABP/modul-10-11-12/2311102169_BenWaizPintusW/FestivalMakanan/vendor/laravel/framework/src/Illuminate/Database/Connection.php(827): Illuminate/Database/Connection->Illuminate/Database/{closure}('delete from `ca...', Array)
#9 D:/Semester 6/Praktikum ABP/modul-10-11-12/2311102169_BenWaizPintusW/FestivalMakanan/vendor/laravel/framework/src/Illuminate/Database/Connection.php(999): Illuminate/Database/Connection->runQueryCallback('delete from `ca...', Array, Object(Closure))
#10 D:/Semester 6/Praktikum ABP/modul-10-11-12/2311102169_BenWaizPintusW/FestivalMakanan/vendor/laravel/framework/src/Illuminate/Database/Connection.php(978): Illuminate/Database/Connection->tryAgainIfCausedByLostConnection(Object(Illuminate/Database/QueryException), 'delete from `ca...', Array, Object(Closure))
#11 D:/Semester 6/Praktikum ABP/modul-10-11-12/2311102169_BenWaizPintusW/FestivalMakanan/vendor/laravel/framework/src/Illuminate/Database/Connection.php(796): Illuminate/Database/Connection->handleQueryException(Object(Illuminate/Database/QueryException), 'delete from `ca...', Array, Object(Closure))
#12 D:/Semester 6/Praktikum ABP/modul-10-11-12/2311102169_BenWaizPintusW/FestivalMakanan/vendor/laravel/framework/src/Illuminate/Database/Connection.php(597): Illuminate/Database/Connection->run('delete from `ca...', Array, Object(Closure))
#13 D:/Semester 6/Praktikum ABP/modul-10-11-12/2311102169_BenWaizPintusW/FestivalMakanan/vendor/laravel/framework/src/Illuminate/Database/Connection.php(561): Illuminate/Database/Connection->affectingStatement('delete from `ca...', Array)
#14 D:/Semester 6/Praktikum ABP/modul-10-11-12/2311102169_BenWaizPintusW/FestivalMakanan/vendor/laravel/framework/src/Illuminate/Database/Query/Builder.php(4426): Illuminate/Database/Connection->delete('delete from `ca...', Array)
#15 D:/Semester 6/Praktikum ABP/modul-10-11-12/2311102169_BenWaizPintusW/FestivalMakanan/vendor/laravel/framework/src/Illuminate/Cache/DatabaseStore.php(433): Illuminate/Database/Query/Builder->delete()
#16 D:/Semester 6/Praktikum ABP/modul-10-11-12/2311102169_BenWaizPintusW/FestivalMakanan/vendor/laravel/framework/src/Illuminate/Cache/Repository.php(979): Illuminate/Cache/DatabaseStore->flush()
#17 D:/Semester 6/Praktikum ABP/modul-10-11-12/2311102169_BenWaizPintusW/FestivalMakanan/vendor/laravel/framework/src/Illuminate/Cache/Console/ClearCommand.php(68): Illuminate/Cache/Repository->__call('flush', Array)
#18 D:/Semester 6/Praktikum ABP/modul-10-11-12/2311102169_BenWaizPintusW/FestivalMakanan/vendor/laravel/framework/src/Illuminate/Container/BoundMethod.php(36): Illuminate/Cache/Console/ClearCommand->handle()
#19 D:/Semester 6/Praktikum ABP/modul-10-11-12/2311102169_BenWaizPintusW/FestivalMakanan/vendor/laravel/framework/src/Illuminate/Container/Util.php(43): Illuminate/Container/BoundMethod::Illuminate/Container/{closure}()
#20 D:/Semester 6/Praktikum ABP/modul-10-11-12/2311102169_BenWaizPintusW/FestivalMakanan/vendor/laravel/framework/src/Illuminate/Container/BoundMethod.php(96): Illuminate/Container/Util::unwrapIfClosure(Object(Closure))
#21 D:/Semester 6/Praktikum ABP/modul-10-11-12/2311102169_BenWaizPintusW/FestivalMakanan/vendor/laravel/framework/src/Illuminate/Container/BoundMethod.php(35): Illuminate/Container/BoundMethod::callBoundMethod(Object(Illuminate/Foundation/Application), Array, Object(Closure))
#22 D:/Semester 6/Praktikum ABP/modul-10-11-12/2311102169_BenWaizPintusW/FestivalMakanan/vendor/laravel/framework/src/Illuminate/Container/Container.php(799): Illuminate/Container/BoundMethod::call(Object(Illuminate/Foundation/Application), Array, Array, NULL)
#23 D:/Semester 6/Praktikum ABP/modul-10-11-12/2311102169_BenWaizPintusW/FestivalMakanan/vendor/laravel/framework/src/Illuminate/Console/Command.php(211): Illuminate/Container/Container->call(Array)
#24 D:/Semester 6/Praktikum ABP/modul-10-11-12/2311102169_BenWaizPintusW/FestivalMakanan/vendor/symfony/console/Command/Command.php(341): Illuminate/Console/Command->execute(Object(Symfony/Component/Console/Input/ArgvInput), Object(Illuminate/Console/OutputStyle))
#25 D:/Semester 6/Praktikum ABP/modul-10-11-12/2311102169_BenWaizPintusW/FestivalMakanan/vendor/laravel/framework/src/Illuminate/Console/Command.php(180): Symfony/Component/Console/Command/Command->run(Object(Symfony/Component/Console/Input/ArgvInput), Object(Illuminate/Console/OutputStyle))
#26 D:/Semester 6/Praktikum ABP/modul-10-11-12/2311102169_BenWaizPintusW/FestivalMakanan/vendor/symfony/console/Application.php(1117): Illuminate/Console/Command->run(Object(Symfony/Component/Console/Input/ArgvInput), Object(Symfony/Component/Console/Output/ConsoleOutput))
#27 D:/Semester 6/Praktikum ABP/modul-10-11-12/2311102169_BenWaizPintusW/FestivalMakanan/vendor/symfony/console/Application.php(356): Symfony/Component/Console/Application->doRunCommand(Object(Illuminate/Cache/Console/ClearCommand), Object(Symfony/Component/Console/Input/ArgvInput), Object(Symfony/Component/Console/Output/ConsoleOutput))
#28 D:/Semester 6/Praktikum ABP/modul-10-11-12/2311102169_BenWaizPintusW/FestivalMakanan/vendor/symfony/console/Application.php(195): Symfony/Component/Console/Application->doRun(Object(Symfony/Component/Console/Input/ArgvInput), Object(Symfony/Component/Console/Output/ConsoleOutput))
#29 D:/Semester 6/Praktikum ABP/modul-10-11-12/2311102169_BenWaizPintusW/FestivalMakanan/vendor/laravel/framework/src/Illuminate/Foundation/Console/Kernel.php(198): Symfony/Component/Console/Application->run(Object(Symfony/Component/Console/Input/ArgvInput), Object(Symfony/Component/Console/Output/ConsoleOutput))
#30 D:/Semester 6/Praktikum ABP/modul-10-11-12/2311102169_BenWaizPintusW/FestivalMakanan/vendor/laravel/framework/src/Illuminate/Foundation/Application.php(1235): Illuminate/Foundation/Console/Kernel->handle(Object(Symfony/Component/Console/Input/ArgvInput), Object(Symfony/Component/Console/Output/ConsoleOutput))
#31 D:/Semester 6/Praktikum ABP/modul-10-11-12/2311102169_BenWaizPintusW/FestivalMakanan/artisan(16): Illuminate/Foundation/Application->handleCommand(Object(Symfony/Component/Console/Input/ArgvInput))
#32 {main}
"} 
[2026-04-21 12:14:02] local.ERROR: SQLSTATE[HY000] [1045] Access denied for user 'root'@'localhost' (using password: NO) (Connection: mysql, Host: 127.0.0.1, Port: 3306, Database: laravel, SQL: select exists (select 1 from information_schema.tables where table_schema = schema() and table_name = 'migrations' and table_type in ('BASE TABLE', 'SYSTEM VERSIONED')) as `exists`) {"exception":"[object] (Illuminate\\Database\\QueryException(code: 1045): SQLSTATE[HY000] [1045] Access denied for user 'root'@'localhost' (using password: NO) (Connection: mysql, Host: 127.0.0.1, Port: 3306, Database: laravel, SQL: select exists (select 1 from information_schema.tables where table_schema = schema() and table_name = 'migrations' and table_type in ('BASE TABLE', 'SYSTEM VERSIONED')) as `exists`) at D:/Semester 6/Praktikum ABP/modul-10-11-12/2311102169_BenWaizPintusW/FestivalMakanan/vendor/laravel/framework/src/Illuminate/Database/Connection.php:838)
[stacktrace]
#0 D:/Semester 6/Praktikum ABP/modul-10-11-12/2311102169_BenWaizPintusW/FestivalMakanan/vendor/laravel/framework/src/Illuminate/Database/Connection.php(999): Illuminate/Database/Connection->runQueryCallback('select exists (...', Array, Object(Closure))
#1 D:/Semester 6/Praktikum ABP/modul-10-11-12/2311102169_BenWaizPintusW/FestivalMakanan/vendor/laravel/framework/src/Illuminate/Database/Connection.php(978): Illuminate/Database/Connection->tryAgainIfCausedByLostConnection(Object(Illuminate/Database/QueryException), 'select exists (...', Array, Object(Closure))
#2 D:/Semester 6/Praktikum ABP/modul-10-11-12/2311102169_BenWaizPintusW/FestivalMakanan/vendor/laravel/framework/src/Illuminate/Database/Connection.php(796): Illuminate/Database/Connection->handleQueryException(Object(Illuminate/Database/QueryException), 'select exists (...', Array, Object(Closure))
#3 D:/Semester 6/Praktikum ABP/modul-10-11-12/2311102169_BenWaizPintusW/FestivalMakanan/vendor/laravel/framework/src/Illuminate/Database/Connection.php(411): Illuminate/Database/Connection->run('select exists (...', Array, Object(Closure))
#4 D:/Semester 6/Praktikum ABP/modul-10-11-12/2311102169_BenWaizPintusW/FestivalMakanan/vendor/laravel/framework/src/Illuminate/Database/Connection.php(357): Illuminate/Database/Connection->select('select exists (...', Array, true)
#5 D:/Semester 6/Praktikum ABP/modul-10-11-12/2311102169_BenWaizPintusW/FestivalMakanan/vendor/laravel/framework/src/Illuminate/Database/Connection.php(374): Illuminate/Database/Connection->selectOne('select exists (...', Array, true)
#6 D:/Semester 6/Praktikum ABP/modul-10-11-12/2311102169_BenWaizPintusW/FestivalMakanan/vendor/laravel/framework/src/Illuminate/Database/Schema/Builder.php(176): Illuminate/Database/Connection->scalar('select exists (...')
#7 D:/Semester 6/Praktikum ABP/modul-10-11-12/2311102169_BenWaizPintusW/FestivalMakanan/vendor/laravel/framework/src/Illuminate/Database/Migrations/DatabaseMigrationRepository.php(185): Illuminate/Database/Schema/Builder->hasTable('migrations')
#8 D:/Semester 6/Praktikum ABP/modul-10-11-12/2311102169_BenWaizPintusW/FestivalMakanan/vendor/laravel/framework/src/Illuminate/Database/Migrations/Migrator.php(758): Illuminate/Database/Migrations/DatabaseMigrationRepository->repositoryExists()
#9 D:/Semester 6/Praktikum ABP/modul-10-11-12/2311102169_BenWaizPintusW/FestivalMakanan/vendor/laravel/framework/src/Illuminate/Database/Console/Migrations/MigrateCommand.php(164): Illuminate/Database/Migrations/Migrator->repositoryExists()
#10 D:/Semester 6/Praktikum ABP/modul-10-11-12/2311102169_BenWaizPintusW/FestivalMakanan/vendor/laravel/framework/src/Illuminate/Support/helpers.php(328): Illuminate/Database/Console/Migrations/MigrateCommand->Illuminate/Database/Console/Migrations/{closure}(1)
#11 D:/Semester 6/Praktikum ABP/modul-10-11-12/2311102169_BenWaizPintusW/FestivalMakanan/vendor/laravel/framework/src/Illuminate/Database/Console/Migrations/MigrateCommand.php(164): retry(1, Object(Closure), 0, Object(Closure))
#12 D:/Semester 6/Praktikum ABP/modul-10-11-12/2311102169_BenWaizPintusW/FestivalMakanan/vendor/laravel/framework/src/Illuminate/Database/Console/Migrations/MigrateCommand.php(140): Illuminate/Database/Console/Migrations/MigrateCommand->repositoryExists()
#13 D:/Semester 6/Praktikum ABP/modul-10-11-12/2311102169_BenWaizPintusW/FestivalMakanan/vendor/laravel/framework/src/Illuminate/Database/Console/Migrations/MigrateCommand.php(110): Illuminate/Database/Console/Migrations/MigrateCommand->prepareDatabase()
#14 D:/Semester 6/Praktikum ABP/modul-10-11-12/2311102169_BenWaizPintusW/FestivalMakanan/vendor/laravel/framework/src/Illuminate/Database/Migrations/Migrator.php(671): Illuminate/Database/Console/Migrations/MigrateCommand->Illuminate/Database/Console/Migrations/{closure}()
#15 D:/Semester 6/Praktikum ABP/modul-10-11-12/2311102169_BenWaizPintusW/FestivalMakanan/vendor/laravel/framework/src/Illuminate/Database/Console/Migrations/MigrateCommand.php(109): Illuminate/Database/Migrations/Migrator->usingConnection(NULL, Object(Closure))
#16 D:/Semester 6/Praktikum ABP/modul-10-11-12/2311102169_BenWaizPintusW/FestivalMakanan/vendor/laravel/framework/src/Illuminate/Database/Console/Migrations/MigrateCommand.php(88): Illuminate/Database/Console/Migrations/MigrateCommand->runMigrations()
#17 D:/Semester 6/Praktikum ABP/modul-10-11-12/2311102169_BenWaizPintusW/FestivalMakanan/vendor/laravel/framework/src/Illuminate/Container/BoundMethod.php(36): Illuminate/Database/Console/Migrations/MigrateCommand->handle()
#18 D:/Semester 6/Praktikum ABP/modul-10-11-12/2311102169_BenWaizPintusW/FestivalMakanan/vendor/laravel/framework/src/Illuminate/Container/Util.php(43): Illuminate/Container/BoundMethod::Illuminate/Container/{closure}()
#19 D:/Semester 6/Praktikum ABP/modul-10-11-12/2311102169_BenWaizPintusW/FestivalMakanan/vendor/laravel/framework/src/Illuminate/Container/BoundMethod.php(96): Illuminate/Container/Util::unwrapIfClosure(Object(Closure))
#20 D:/Semester 6/Praktikum ABP/modul-10-11-12/2311102169_BenWaizPintusW/FestivalMakanan/vendor/laravel/framework/src/Illuminate/Container/BoundMethod.php(35): Illuminate/Container/BoundMethod::callBoundMethod(Object(Illuminate/Foundation/Application), Array, Object(Closure))
#21 D:/Semester 6/Praktikum ABP/modul-10-11-12/2311102169_BenWaizPintusW/FestivalMakanan/vendor/laravel/framework/src/Illuminate/Container/Container.php(799): Illuminate/Container/BoundMethod::call(Object(Illuminate/Foundation/Application), Array, Array, NULL)
#22 D:/Semester 6/Praktikum ABP/modul-10-11-12/2311102169_BenWaizPintusW/FestivalMakanan/vendor/laravel/framework/src/Illuminate/Console/Command.php(211): Illuminate/Container/Container->call(Array)
#23 D:/Semester 6/Praktikum ABP/modul-10-11-12/2311102169_BenWaizPintusW/FestivalMakanan/vendor/symfony/console/Command/Command.php(341): Illuminate/Console/Command->execute(Object(Symfony/Component/Console/Input/ArgvInput), Object(Illuminate/Console/OutputStyle))
#24 D:/Semester 6/Praktikum ABP/modul-10-11-12/2311102169_BenWaizPintusW/FestivalMakanan/vendor/laravel/framework/src/Illuminate/Console/Command.php(180): Symfony/Component/Console/Command/Command->run(Object(Symfony/Component/Console/Input/ArgvInput), Object(Illuminate/Console/OutputStyle))
#25 D:/Semester 6/Praktikum ABP/modul-10-11-12/2311102169_BenWaizPintusW/FestivalMakanan/vendor/symfony/console/Application.php(1117): Illuminate/Console/Command->run(Object(Symfony/Component/Console/Input/ArgvInput), Object(Symfony/Component/Console/Output/ConsoleOutput))
#26 D:/Semester 6/Praktikum ABP/modul-10-11-12/2311102169_BenWaizPintusW/FestivalMakanan/vendor/symfony/console/Application.php(356): Symfony/Component/Console/Application->doRunCommand(Object(Illuminate/Database/Console/Migrations/MigrateCommand), Object(Symfony/Component/Console/Input/ArgvInput), Object(Symfony/Component/Console/Output/ConsoleOutput))
#27 D:/Semester 6/Praktikum ABP/modul-10-11-12/2311102169_BenWaizPintusW/FestivalMakanan/vendor/symfony/console/Application.php(195): Symfony/Component/Console/Application->doRun(Object(Symfony/Component/Console/Input/ArgvInput), Object(Symfony/Component/Console/Output/ConsoleOutput))
#28 D:/Semester 6/Praktikum ABP/modul-10-11-12/2311102169_BenWaizPintusW/FestivalMakanan/vendor/laravel/framework/src/Illuminate/Foundation/Console/Kernel.php(198): Symfony/Component/Console/Application->run(Object(Symfony/Component/Console/Input/ArgvInput), Object(Symfony/Component/Console/Output/ConsoleOutput))
#29 D:/Semester 6/Praktikum ABP/modul-10-11-12/2311102169_BenWaizPintusW/FestivalMakanan/vendor/laravel/framework/src/Illuminate/Foundation/Application.php(1235): Illuminate/Foundation/Console/Kernel->handle(Object(Symfony/Component/Console/Input/ArgvInput), Object(Symfony/Component/Console/Output/ConsoleOutput))
#30 D:/Semester 6/Praktikum ABP/modul-10-11-12/2311102169_BenWaizPintusW/FestivalMakanan/artisan(16): Illuminate/Foundation/Application->handleCommand(Object(Symfony/Component/Console/Input/ArgvInput))
#31 {main}

[previous exception] [object] (PDOException(code: 1045): SQLSTATE[HY000] [1045] Access denied for user 'root'@'localhost' (using password: NO) at D:/Semester 6/Praktikum ABP/modul-10-11-12/2311102169_BenWaizPintusW/FestivalMakanan/vendor/laravel/framework/src/Illuminate/Database/Connectors/Connector.php:66)
[stacktrace]
#0 D:/Semester 6/Praktikum ABP/modul-10-11-12/2311102169_BenWaizPintusW/FestivalMakanan/vendor/laravel/framework/src/Illuminate/Database/Connectors/Connector.php(66): PDO->__construct('mysql:host=127....', 'root', Object(SensitiveParameterValue), Array)
#1 D:/Semester 6/Praktikum ABP/modul-10-11-12/2311102169_BenWaizPintusW/FestivalMakanan/vendor/laravel/framework/src/Illuminate/Database/Connectors/Connector.php(85): Illuminate/Database/Connectors/Connector->createPdoConnection('mysql:host=127....', 'root', Object(SensitiveParameterValue), Array)
#2 D:/Semester 6/Praktikum ABP/modul-10-11-12/2311102169_BenWaizPintusW/FestivalMakanan/vendor/laravel/framework/src/Illuminate/Database/Connectors/Connector.php(48): Illuminate/Database/Connectors/Connector->tryAgainIfCausedByLostConnection(Object(PDOException), 'mysql:host=127....', 'root', Object(SensitiveParameterValue), Array)
#3 D:/Semester 6/Praktikum ABP/modul-10-11-12/2311102169_BenWaizPintusW/FestivalMakanan/vendor/laravel/framework/src/Illuminate/Database/Connectors/MySqlConnector.php(24): Illuminate/Database/Connectors/Connector->createConnection('mysql:host=127....', Array, Array)
#4 D:/Semester 6/Praktikum ABP/modul-10-11-12/2311102169_BenWaizPintusW/FestivalMakanan/vendor/laravel/framework/src/Illuminate/Database/Connectors/ConnectionFactory.php(186): Illuminate/Database/Connectors/MySqlConnector->connect(Array)
#5 [internal function]: Illuminate/Database/Connectors/ConnectionFactory->Illuminate/Database/Connectors/{closure}()
#6 D:/Semester 6/Praktikum ABP/modul-10-11-12/2311102169_BenWaizPintusW/FestivalMakanan/vendor/laravel/framework/src/Illuminate/Database/Connection.php(1257): call_user_func(Object(Closure))
#7 D:/Semester 6/Praktikum ABP/modul-10-11-12/2311102169_BenWaizPintusW/FestivalMakanan/vendor/laravel/framework/src/Illuminate/Database/Connection.php(1295): Illuminate/Database/Connection->getPdo()
#8 D:/Semester 6/Praktikum ABP/modul-10-11-12/2311102169_BenWaizPintusW/FestivalMakanan/vendor/laravel/framework/src/Illuminate/Database/Connection.php(525): Illuminate/Database/Connection->getReadPdo()
#9 D:/Semester 6/Praktikum ABP/modul-10-11-12/2311102169_BenWaizPintusW/FestivalMakanan/vendor/laravel/framework/src/Illuminate/Database/Connection.php(420): Illuminate/Database/Connection->getPdoForSelect(true)
#10 D:/Semester 6/Praktikum ABP/modul-10-11-12/2311102169_BenWaizPintusW/FestivalMakanan/vendor/laravel/framework/src/Illuminate/Database/Connection.php(827): Illuminate/Database/Connection->Illuminate/Database/{closure}('select exists (...', Array)
#11 D:/Semester 6/Praktikum ABP/modul-10-11-12/2311102169_BenWaizPintusW/FestivalMakanan/vendor/laravel/framework/src/Illuminate/Database/Connection.php(999): Illuminate/Database/Connection->runQueryCallback('select exists (...', Array, Object(Closure))
#12 D:/Semester 6/Praktikum ABP/modul-10-11-12/2311102169_BenWaizPintusW/FestivalMakanan/vendor/laravel/framework/src/Illuminate/Database/Connection.php(978): Illuminate/Database/Connection->tryAgainIfCausedByLostConnection(Object(Illuminate/Database/QueryException), 'select exists (...', Array, Object(Closure))
#13 D:/Semester 6/Praktikum ABP/modul-10-11-12/2311102169_BenWaizPintusW/FestivalMakanan/vendor/laravel/framework/src/Illuminate/Database/Connection.php(796): Illuminate/Database/Connection->handleQueryException(Object(Illuminate/Database/QueryException), 'select exists (...', Array, Object(Closure))
#14 D:/Semester 6/Praktikum ABP/modul-10-11-12/2311102169_BenWaizPintusW/FestivalMakanan/vendor/laravel/framework/src/Illuminate/Database/Connection.php(411): Illuminate/Database/Connection->run('select exists (...', Array, Object(Closure))
#15 D:/Semester 6/Praktikum ABP/modul-10-11-12/2311102169_BenWaizPintusW/FestivalMakanan/vendor/laravel/framework/src/Illuminate/Database/Connection.php(357): Illuminate/Database/Connection->select('select exists (...', Array, true)
#16 D:/Semester 6/Praktikum ABP/modul-10-11-12/2311102169_BenWaizPintusW/FestivalMakanan/vendor/laravel/framework/src/Illuminate/Database/Connection.php(374): Illuminate/Database/Connection->selectOne('select exists (...', Array, true)
#17 D:/Semester 6/Praktikum ABP/modul-10-11-12/2311102169_BenWaizPintusW/FestivalMakanan/vendor/laravel/framework/src/Illuminate/Database/Schema/Builder.php(176): Illuminate/Database/Connection->scalar('select exists (...')
#18 D:/Semester 6/Praktikum ABP/modul-10-11-12/2311102169_BenWaizPintusW/FestivalMakanan/vendor/laravel/framework/src/Illuminate/Database/Migrations/DatabaseMigrationRepository.php(185): Illuminate/Database/Schema/Builder->hasTable('migrations')
#19 D:/Semester 6/Praktikum ABP/modul-10-11-12/2311102169_BenWaizPintusW/FestivalMakanan/vendor/laravel/framework/src/Illuminate/Database/Migrations/Migrator.php(758): Illuminate/Database/Migrations/DatabaseMigrationRepository->repositoryExists()
#20 D:/Semester 6/Praktikum ABP/modul-10-11-12/2311102169_BenWaizPintusW/FestivalMakanan/vendor/laravel/framework/src/Illuminate/Database/Console/Migrations/MigrateCommand.php(164): Illuminate/Database/Migrations/Migrator->repositoryExists()
#21 D:/Semester 6/Praktikum ABP/modul-10-11-12/2311102169_BenWaizPintusW/FestivalMakanan/vendor/laravel/framework/src/Illuminate/Support/helpers.php(328): Illuminate/Database/Console/Migrations/MigrateCommand->Illuminate/Database/Console/Migrations/{closure}(1)
#22 D:/Semester 6/Praktikum ABP/modul-10-11-12/2311102169_BenWaizPintusW/FestivalMakanan/vendor/laravel/framework/src/Illuminate/Database/Console/Migrations/MigrateCommand.php(164): retry(1, Object(Closure), 0, Object(Closure))
#23 D:/Semester 6/Praktikum ABP/modul-10-11-12/2311102169_BenWaizPintusW/FestivalMakanan/vendor/laravel/framework/src/Illuminate/Database/Console/Migrations/MigrateCommand.php(140): Illuminate/Database/Console/Migrations/MigrateCommand->repositoryExists()
#24 D:/Semester 6/Praktikum ABP/modul-10-11-12/2311102169_BenWaizPintusW/FestivalMakanan/vendor/laravel/framework/src/Illuminate/Database/Console/Migrations/MigrateCommand.php(110): Illuminate/Database/Console/Migrations/MigrateCommand->prepareDatabase()
#25 D:/Semester 6/Praktikum ABP/modul-10-11-12/2311102169_BenWaizPintusW/FestivalMakanan/vendor/laravel/framework/src/Illuminate/Database/Migrations/Migrator.php(671): Illuminate/Database/Console/Migrations/MigrateCommand->Illuminate/Database/Console/Migrations/{closure}()
#26 D:/Semester 6/Praktikum ABP/modul-10-11-12/2311102169_BenWaizPintusW/FestivalMakanan/vendor/laravel/framework/src/Illuminate/Database/Console/Migrations/MigrateCommand.php(109): Illuminate/Database/Migrations/Migrator->usingConnection(NULL, Object(Closure))
#27 D:/Semester 6/Praktikum ABP/modul-10-11-12/2311102169_BenWaizPintusW/FestivalMakanan/vendor/laravel/framework/src/Illuminate/Database/Console/Migrations/MigrateCommand.php(88): Illuminate/Database/Console/Migrations/MigrateCommand->runMigrations()
#28 D:/Semester 6/Praktikum ABP/modul-10-11-12/2311102169_BenWaizPintusW/FestivalMakanan/vendor/laravel/framework/src/Illuminate/Container/BoundMethod.php(36): Illuminate/Database/Console/Migrations/MigrateCommand->handle()
#29 D:/Semester 6/Praktikum ABP/modul-10-11-12/2311102169_BenWaizPintusW/FestivalMakanan/vendor/laravel/framework/src/Illuminate/Container/Util.php(43): Illuminate/Container/BoundMethod::Illuminate/Container/{closure}()
#30 D:/Semester 6/Praktikum ABP/modul-10-11-12/2311102169_BenWaizPintusW/FestivalMakanan/vendor/laravel/framework/src/Illuminate/Container/BoundMethod.php(96): Illuminate/Container/Util::unwrapIfClosure(Object(Closure))
#31 D:/Semester 6/Praktikum ABP/modul-10-11-12/2311102169_BenWaizPintusW/FestivalMakanan/vendor/laravel/framework/src/Illuminate/Container/BoundMethod.php(35): Illuminate/Container/BoundMethod::callBoundMethod(Object(Illuminate/Foundation/Application), Array, Object(Closure))
#32 D:/Semester 6/Praktikum ABP/modul-10-11-12/2311102169_BenWaizPintusW/FestivalMakanan/vendor/laravel/framework/src/Illuminate/Container/Container.php(799): Illuminate/Container/BoundMethod::call(Object(Illuminate/Foundation/Application), Array, Array, NULL)
#33 D:/Semester 6/Praktikum ABP/modul-10-11-12/2311102169_BenWaizPintusW/FestivalMakanan/vendor/laravel/framework/src/Illuminate/Console/Command.php(211): Illuminate/Container/Container->call(Array)
#34 D:/Semester 6/Praktikum ABP/modul-10-11-12/2311102169_BenWaizPintusW/FestivalMakanan/vendor/symfony/console/Command/Command.php(341): Illuminate/Console/Command->execute(Object(Symfony/Component/Console/Input/ArgvInput), Object(Illuminate/Console/OutputStyle))
#35 D:/Semester 6/Praktikum ABP/modul-10-11-12/2311102169_BenWaizPintusW/FestivalMakanan/vendor/laravel/framework/src/Illuminate/Console/Command.php(180): Symfony/Component/Console/Command/Command->run(Object(Symfony/Component/Console/Input/ArgvInput), Object(Illuminate/Console/OutputStyle))
#36 D:/Semester 6/Praktikum ABP/modul-10-11-12/2311102169_BenWaizPintusW/FestivalMakanan/vendor/symfony/console/Application.php(1117): Illuminate/Console/Command->run(Object(Symfony/Component/Console/Input/ArgvInput), Object(Symfony/Component/Console/Output/ConsoleOutput))
#37 D:/Semester 6/Praktikum ABP/modul-10-11-12/2311102169_BenWaizPintusW/FestivalMakanan/vendor/symfony/console/Application.php(356): Symfony/Component/Console/Application->doRunCommand(Object(Illuminate/Database/Console/Migrations/MigrateCommand), Object(Symfony/Component/Console/Input/ArgvInput), Object(Symfony/Component/Console/Output/ConsoleOutput))
#38 D:/Semester 6/Praktikum ABP/modul-10-11-12/2311102169_BenWaizPintusW/FestivalMakanan/vendor/symfony/console/Application.php(195): Symfony/Component/Console/Application->doRun(Object(Symfony/Component/Console/Input/ArgvInput), Object(Symfony/Component/Console/Output/ConsoleOutput))
#39 D:/Semester 6/Praktikum ABP/modul-10-11-12/2311102169_BenWaizPintusW/FestivalMakanan/vendor/laravel/framework/src/Illuminate/Foundation/Console/Kernel.php(198): Symfony/Component/Console/Application->run(Object(Symfony/Component/Console/Input/ArgvInput), Object(Symfony/Component/Console/Output/ConsoleOutput))
#40 D:/Semester 6/Praktikum ABP/modul-10-11-12/2311102169_BenWaizPintusW/FestivalMakanan/vendor/laravel/framework/src/Illuminate/Foundation/Application.php(1235): Illuminate/Foundation/Console/Kernel->handle(Object(Symfony/Component/Console/Input/ArgvInput), Object(Symfony/Component/Console/Output/ConsoleOutput))
#41 D:/Semester 6/Praktikum ABP/modul-10-11-12/2311102169_BenWaizPintusW/FestivalMakanan/artisan(16): Illuminate/Foundation/Application->handleCommand(Object(Symfony/Component/Console/Input/ArgvInput))
#42 {main}
"} 
[2026-04-21 12:26:41] local.ERROR: Call to undefined method App\Http\Controllers\ProductController::index() {"exception":"[object] (Error(code: 0): Call to undefined method App\\Http\\Controllers\\ProductController::index() at D:/Semester 6/Praktikum ABP/modul-10-11-12/2311102169_BenWaizPintusW/FestivalMakanan/vendor/laravel/framework/src/Illuminate/Routing/ControllerDispatcher.php:46)
[stacktrace]
#0 D:/Semester 6/Praktikum ABP/modul-10-11-12/2311102169_BenWaizPintusW/FestivalMakanan/vendor/laravel/framework/src/Illuminate/Routing/Route.php(265): Illuminate/Routing/ControllerDispatcher->dispatch(Object(Illuminate/Routing/Route), Object(App/Http/Controllers/ProductController), 'index')
#1 D:/Semester 6/Praktikum ABP/modul-10-11-12/2311102169_BenWaizPintusW/FestivalMakanan/vendor/laravel/framework/src/Illuminate/Routing/Route.php(211): Illuminate/Routing/Route->runController()
#2 D:/Semester 6/Praktikum ABP/modul-10-11-12/2311102169_BenWaizPintusW/FestivalMakanan/vendor/laravel/framework/src/Illuminate/Routing/Router.php(822): Illuminate/Routing/Route->run()
#3 D:/Semester 6/Praktikum ABP/modul-10-11-12/2311102169_BenWaizPintusW/FestivalMakanan/vendor/laravel/framework/src/Illuminate/Pipeline/Pipeline.php(180): Illuminate/Routing/Router->Illuminate/Routing/{closure}(Object(Illuminate/Http/Request))
#4 D:/Semester 6/Praktikum ABP/modul-10-11-12/2311102169_BenWaizPintusW/FestivalMakanan/vendor/laravel/framework/src/Illuminate/Routing/Middleware/SubstituteBindings.php(50): Illuminate/Pipeline/Pipeline->Illuminate/Pipeline/{closure}(Object(Illuminate/Http/Request))
#5 D:/Semester 6/Praktikum ABP/modul-10-11-12/2311102169_BenWaizPintusW/FestivalMakanan/vendor/laravel/framework/src/Illuminate/Pipeline/Pipeline.php(219): Illuminate/Routing/Middleware/SubstituteBindings->handle(Object(Illuminate/Http/Request), Object(Closure))
#6 D:/Semester 6/Praktikum ABP/modul-10-11-12/2311102169_BenWaizPintusW/FestivalMakanan/vendor/laravel/framework/src/Illuminate/Foundation/Http/Middleware/VerifyCsrfToken.php(87): Illuminate/Pipeline/Pipeline->Illuminate/Pipeline/{closure}(Object(Illuminate/Http/Request))
#7 D:/Semester 6/Praktikum ABP/modul-10-11-12/2311102169_BenWaizPintusW/FestivalMakanan/vendor/laravel/framework/src/Illuminate/Pipeline/Pipeline.php(219): Illuminate/Foundation/Http/Middleware/VerifyCsrfToken->handle(Object(Illuminate/Http/Request), Object(Closure))
#8 D:/Semester 6/Praktikum ABP/modul-10-11-12/2311102169_BenWaizPintusW/FestivalMakanan/vendor/laravel/framework/src/Illuminate/View/Middleware/ShareErrorsFromSession.php(48): Illuminate/Pipeline/Pipeline->Illuminate/Pipeline/{closure}(Object(Illuminate/Http/Request))
#9 D:/Semester 6/Praktikum ABP/modul-10-11-12/2311102169_BenWaizPintusW/FestivalMakanan/vendor/laravel/framework/src/Illuminate/Pipeline/Pipeline.php(219): Illuminate/View/Middleware/ShareErrorsFromSession->handle(Object(Illuminate/Http/Request), Object(Closure))
#10 D:/Semester 6/Praktikum ABP/modul-10-11-12/2311102169_BenWaizPintusW/FestivalMakanan/vendor/laravel/framework/src/Illuminate/Session/Middleware/StartSession.php(120): Illuminate/Pipeline/Pipeline->Illuminate/Pipeline/{closure}(Object(Illuminate/Http/Request))
#11 D:/Semester 6/Praktikum ABP/modul-10-11-12/2311102169_BenWaizPintusW/FestivalMakanan/vendor/laravel/framework/src/Illuminate/Session/Middleware/StartSession.php(63): Illuminate/Session/Middleware/StartSession->handleStatefulRequest(Object(Illuminate/Http/Request), Object(Illuminate/Session/Store), Object(Closure))
#12 D:/Semester 6/Praktikum ABP/modul-10-11-12/2311102169_BenWaizPintusW/FestivalMakanan/vendor/laravel/framework/src/Illuminate/Pipeline/Pipeline.php(219): Illuminate/Session/Middleware/StartSession->handle(Object(Illuminate/Http/Request), Object(Closure))
#13 D:/Semester 6/Praktikum ABP/modul-10-11-12/2311102169_BenWaizPintusW/FestivalMakanan/vendor/laravel/framework/src/Illuminate/Cookie/Middleware/AddQueuedCookiesToResponse.php(36): Illuminate/Pipeline/Pipeline->Illuminate/Pipeline/{closure}(Object(Illuminate/Http/Request))
#14 D:/Semester 6/Praktikum ABP/modul-10-11-12/2311102169_BenWaizPintusW/FestivalMakanan/vendor/laravel/framework/src/Illuminate/Pipeline/Pipeline.php(219): Illuminate/Cookie/Middleware/AddQueuedCookiesToResponse->handle(Object(Illuminate/Http/Request), Object(Closure))
#15 D:/Semester 6/Praktikum ABP/modul-10-11-12/2311102169_BenWaizPintusW/FestivalMakanan/vendor/laravel/framework/src/Illuminate/Cookie/Middleware/EncryptCookies.php(74): Illuminate/Pipeline/Pipeline->Illuminate/Pipeline/{closure}(Object(Illuminate/Http/Request))
#16 D:/Semester 6/Praktikum ABP/modul-10-11-12/2311102169_BenWaizPintusW/FestivalMakanan/vendor/laravel/framework/src/Illuminate/Pipeline/Pipeline.php(219): Illuminate/Cookie/Middleware/EncryptCookies->handle(Object(Illuminate/Http/Request), Object(Closure))
#17 D:/Semester 6/Praktikum ABP/modul-10-11-12/2311102169_BenWaizPintusW/FestivalMakanan/vendor/laravel/framework/src/Illuminate/Pipeline/Pipeline.php(137): Illuminate/Pipeline/Pipeline->Illuminate/Pipeline/{closure}(Object(Illuminate/Http/Request))
#18 D:/Semester 6/Praktikum ABP/modul-10-11-12/2311102169_BenWaizPintusW/FestivalMakanan/vendor/laravel/framework/src/Illuminate/Routing/Router.php(821): Illuminate/Pipeline/Pipeline->then(Object(Closure))
#19 D:/Semester 6/Praktikum ABP/modul-10-11-12/2311102169_BenWaizPintusW/FestivalMakanan/vendor/laravel/framework/src/Illuminate/Routing/Router.php(800): Illuminate/Routing/Router->runRouteWithinStack(Object(Illuminate/Routing/Route), Object(Illuminate/Http/Request))
#20 D:/Semester 6/Praktikum ABP/modul-10-11-12/2311102169_BenWaizPintusW/FestivalMakanan/vendor/laravel/framework/src/Illuminate/Routing/Router.php(764): Illuminate/Routing/Router->runRoute(Object(Illuminate/Http/Request), Object(Illuminate/Routing/Route))
#21 D:/Semester 6/Praktikum ABP/modul-10-11-12/2311102169_BenWaizPintusW/FestivalMakanan/vendor/laravel/framework/src/Illuminate/Routing/Router.php(753): Illuminate/Routing/Router->dispatchToRoute(Object(Illuminate/Http/Request))
#22 D:/Semester 6/Praktikum ABP/modul-10-11-12/2311102169_BenWaizPintusW/FestivalMakanan/vendor/laravel/framework/src/Illuminate/Foundation/Http/Kernel.php(200): Illuminate/Routing/Router->dispatch(Object(Illuminate/Http/Request))
#23 D:/Semester 6/Praktikum ABP/modul-10-11-12/2311102169_BenWaizPintusW/FestivalMakanan/vendor/laravel/framework/src/Illuminate/Pipeline/Pipeline.php(180): Illuminate/Foundation/Http/Kernel->Illuminate/Foundation/Http/{closure}(Object(Illuminate/Http/Request))
#24 D:/Semester 6/Praktikum ABP/modul-10-11-12/2311102169_BenWaizPintusW/FestivalMakanan/vendor/laravel/framework/src/Illuminate/Foundation/Http/Middleware/TransformsRequest.php(21): Illuminate/Pipeline/Pipeline->Illuminate/Pipeline/{closure}(Object(Illuminate/Http/Request))
#25 D:/Semester 6/Praktikum ABP/modul-10-11-12/2311102169_BenWaizPintusW/FestivalMakanan/vendor/laravel/framework/src/Illuminate/Foundation/Http/Middleware/ConvertEmptyStringsToNull.php(31): Illuminate/Foundation/Http/Middleware/TransformsRequest->handle(Object(Illuminate/Http/Request), Object(Closure))
#26 D:/Semester 6/Praktikum ABP/modul-10-11-12/2311102169_BenWaizPintusW/FestivalMakanan/vendor/laravel/framework/src/Illuminate/Pipeline/Pipeline.php(219): Illuminate/Foundation/Http/Middleware/ConvertEmptyStringsToNull->handle(Object(Illuminate/Http/Request), Object(Closure))
#27 D:/Semester 6/Praktikum ABP/modul-10-11-12/2311102169_BenWaizPintusW/FestivalMakanan/vendor/laravel/framework/src/Illuminate/Foundation/Http/Middleware/TransformsRequest.php(21): Illuminate/Pipeline/Pipeline->Illuminate/Pipeline/{closure}(Object(Illuminate/Http/Request))
#28 D:/Semester 6/Praktikum ABP/modul-10-11-12/2311102169_BenWaizPintusW/FestivalMakanan/vendor/laravel/framework/src/Illuminate/Foundation/Http/Middleware/TrimStrings.php(51): Illuminate/Foundation/Http/Middleware/TransformsRequest->handle(Object(Illuminate/Http/Request), Object(Closure))
#29 D:/Semester 6/Praktikum ABP/modul-10-11-12/2311102169_BenWaizPintusW/FestivalMakanan/vendor/laravel/framework/src/Illuminate/Pipeline/Pipeline.php(219): Illuminate/Foundation/Http/Middleware/TrimStrings->handle(Object(Illuminate/Http/Request), Object(Closure))
#30 D:/Semester 6/Praktikum ABP/modul-10-11-12/2311102169_BenWaizPintusW/FestivalMakanan/vendor/laravel/framework/src/Illuminate/Http/Middleware/ValidatePostSize.php(27): Illuminate/Pipeline/Pipeline->Illuminate/Pipeline/{closure}(Object(Illuminate/Http/Request))
#31 D:/Semester 6/Praktikum ABP/modul-10-11-12/2311102169_BenWaizPintusW/FestivalMakanan/vendor/laravel/framework/src/Illuminate/Pipeline/Pipeline.php(219): Illuminate/Http/Middleware/ValidatePostSize->handle(Object(Illuminate/Http/Request), Object(Closure))
#32 D:/Semester 6/Praktikum ABP/modul-10-11-12/2311102169_BenWaizPintusW/FestivalMakanan/vendor/laravel/framework/src/Illuminate/Foundation/Http/Middleware/PreventRequestsDuringMaintenance.php(109): Illuminate/Pipeline/Pipeline->Illuminate/Pipeline/{closure}(Object(Illuminate/Http/Request))
#33 D:/Semester 6/Praktikum ABP/modul-10-11-12/2311102169_BenWaizPintusW/FestivalMakanan/vendor/laravel/framework/src/Illuminate/Pipeline/Pipeline.php(219): Illuminate/Foundation/Http/Middleware/PreventRequestsDuringMaintenance->handle(Object(Illuminate/Http/Request), Object(Closure))
#34 D:/Semester 6/Praktikum ABP/modul-10-11-12/2311102169_BenWaizPintusW/FestivalMakanan/vendor/laravel/framework/src/Illuminate/Http/Middleware/HandleCors.php(61): Illuminate/Pipeline/Pipeline->Illuminate/Pipeline/{closure}(Object(Illuminate/Http/Request))
#35 D:/Semester 6/Praktikum ABP/modul-10-11-12/2311102169_BenWaizPintusW/FestivalMakanan/vendor/laravel/framework/src/Illuminate/Pipeline/Pipeline.php(219): Illuminate/Http/Middleware/HandleCors->handle(Object(Illuminate/Http/Request), Object(Closure))
#36 D:/Semester 6/Praktikum ABP/modul-10-11-12/2311102169_BenWaizPintusW/FestivalMakanan/vendor/laravel/framework/src/Illuminate/Http/Middleware/TrustProxies.php(58): Illuminate/Pipeline/Pipeline->Illuminate/Pipeline/{closure}(Object(Illuminate/Http/Request))
#37 D:/Semester 6/Praktikum ABP/modul-10-11-12/2311102169_BenWaizPintusW/FestivalMakanan/vendor/laravel/framework/src/Illuminate/Pipeline/Pipeline.php(219): Illuminate/Http/Middleware/TrustProxies->handle(Object(Illuminate/Http/Request), Object(Closure))
#38 D:/Semester 6/Praktikum ABP/modul-10-11-12/2311102169_BenWaizPintusW/FestivalMakanan/vendor/laravel/framework/src/Illuminate/Foundation/Http/Middleware/InvokeDeferredCallbacks.php(22): Illuminate/Pipeline/Pipeline->Illuminate/Pipeline/{closure}(Object(Illuminate/Http/Request))
#39 D:/Semester 6/Praktikum ABP/modul-10-11-12/2311102169_BenWaizPintusW/FestivalMakanan/vendor/laravel/framework/src/Illuminate/Pipeline/Pipeline.php(219): Illuminate/Foundation/Http/Middleware/InvokeDeferredCallbacks->handle(Object(Illuminate/Http/Request), Object(Closure))
#40 D:/Semester 6/Praktikum ABP/modul-10-11-12/2311102169_BenWaizPintusW/FestivalMakanan/vendor/laravel/framework/src/Illuminate/Http/Middleware/ValidatePathEncoding.php(26): Illuminate/Pipeline/Pipeline->Illuminate/Pipeline/{closure}(Object(Illuminate/Http/Request))
#41 D:/Semester 6/Praktikum ABP/modul-10-11-12/2311102169_BenWaizPintusW/FestivalMakanan/vendor/laravel/framework/src/Illuminate/Pipeline/Pipeline.php(219): Illuminate/Http/Middleware/ValidatePathEncoding->handle(Object(Illuminate/Http/Request), Object(Closure))
#42 D:/Semester 6/Praktikum ABP/modul-10-11-12/2311102169_BenWaizPintusW/FestivalMakanan/vendor/laravel/framework/src/Illuminate/Pipeline/Pipeline.php(137): Illuminate/Pipeline/Pipeline->Illuminate/Pipeline/{closure}(Object(Illuminate/Http/Request))
#43 D:/Semester 6/Praktikum ABP/modul-10-11-12/2311102169_BenWaizPintusW/FestivalMakanan/vendor/laravel/framework/src/Illuminate/Foundation/Http/Kernel.php(175): Illuminate/Pipeline/Pipeline->then(Object(Closure))
#44 D:/Semester 6/Praktikum ABP/modul-10-11-12/2311102169_BenWaizPintusW/FestivalMakanan/vendor/laravel/framework/src/Illuminate/Foundation/Http/Kernel.php(144): Illuminate/Foundation/Http/Kernel->sendRequestThroughRouter(Object(Illuminate/Http/Request))
#45 D:/Semester 6/Praktikum ABP/modul-10-11-12/2311102169_BenWaizPintusW/FestivalMakanan/vendor/laravel/framework/src/Illuminate/Foundation/Application.php(1220): Illuminate/Foundation/Http/Kernel->handle(Object(Illuminate/Http/Request))
#46 D:/Semester 6/Praktikum ABP/modul-10-11-12/2311102169_BenWaizPintusW/FestivalMakanan/public/index.php(20): Illuminate/Foundation/Application->handleRequest(Object(Illuminate/Http/Request))
#47 D:/Semester 6/Praktikum ABP/modul-10-11-12/2311102169_BenWaizPintusW/FestivalMakanan/vendor/laravel/framework/src/Illuminate/Foundation/resources/server.php(23): require_once('D://Semester 6//P...')
#48 {main}
"} 
[2026-04-21 12:27:22] local.ERROR: Call to undefined method App\Http\Controllers\ProductController::index() {"exception":"[object] (Error(code: 0): Call to undefined method App\\Http\\Controllers\\ProductController::index() at D:/Semester 6/Praktikum ABP/modul-10-11-12/2311102169_BenWaizPintusW/FestivalMakanan/vendor/laravel/framework/src/Illuminate/Routing/ControllerDispatcher.php:46)
[stacktrace]
#0 D:/Semester 6/Praktikum ABP/modul-10-11-12/2311102169_BenWaizPintusW/FestivalMakanan/vendor/laravel/framework/src/Illuminate/Routing/Route.php(265): Illuminate/Routing/ControllerDispatcher->dispatch(Object(Illuminate/Routing/Route), Object(App/Http/Controllers/ProductController), 'index')
#1 D:/Semester 6/Praktikum ABP/modul-10-11-12/2311102169_BenWaizPintusW/FestivalMakanan/vendor/laravel/framework/src/Illuminate/Routing/Route.php(211): Illuminate/Routing/Route->runController()
#2 D:/Semester 6/Praktikum ABP/modul-10-11-12/2311102169_BenWaizPintusW/FestivalMakanan/vendor/laravel/framework/src/Illuminate/Routing/Router.php(822): Illuminate/Routing/Route->run()
#3 D:/Semester 6/Praktikum ABP/modul-10-11-12/2311102169_BenWaizPintusW/FestivalMakanan/vendor/laravel/framework/src/Illuminate/Pipeline/Pipeline.php(180): Illuminate/Routing/Router->Illuminate/Routing/{closure}(Object(Illuminate/Http/Request))
#4 D:/Semester 6/Praktikum ABP/modul-10-11-12/2311102169_BenWaizPintusW/FestivalMakanan/vendor/laravel/framework/src/Illuminate/Routing/Middleware/SubstituteBindings.php(50): Illuminate/Pipeline/Pipeline->Illuminate/Pipeline/{closure}(Object(Illuminate/Http/Request))
#5 D:/Semester 6/Praktikum ABP/modul-10-11-12/2311102169_BenWaizPintusW/FestivalMakanan/vendor/laravel/framework/src/Illuminate/Pipeline/Pipeline.php(219): Illuminate/Routing/Middleware/SubstituteBindings->handle(Object(Illuminate/Http/Request), Object(Closure))
#6 D:/Semester 6/Praktikum ABP/modul-10-11-12/2311102169_BenWaizPintusW/FestivalMakanan/vendor/laravel/framework/src/Illuminate/Foundation/Http/Middleware/VerifyCsrfToken.php(87): Illuminate/Pipeline/Pipeline->Illuminate/Pipeline/{closure}(Object(Illuminate/Http/Request))
#7 D:/Semester 6/Praktikum ABP/modul-10-11-12/2311102169_BenWaizPintusW/FestivalMakanan/vendor/laravel/framework/src/Illuminate/Pipeline/Pipeline.php(219): Illuminate/Foundation/Http/Middleware/VerifyCsrfToken->handle(Object(Illuminate/Http/Request), Object(Closure))
#8 D:/Semester 6/Praktikum ABP/modul-10-11-12/2311102169_BenWaizPintusW/FestivalMakanan/vendor/laravel/framework/src/Illuminate/View/Middleware/ShareErrorsFromSession.php(48): Illuminate/Pipeline/Pipeline->Illuminate/Pipeline/{closure}(Object(Illuminate/Http/Request))
#9 D:/Semester 6/Praktikum ABP/modul-10-11-12/2311102169_BenWaizPintusW/FestivalMakanan/vendor/laravel/framework/src/Illuminate/Pipeline/Pipeline.php(219): Illuminate/View/Middleware/ShareErrorsFromSession->handle(Object(Illuminate/Http/Request), Object(Closure))
#10 D:/Semester 6/Praktikum ABP/modul-10-11-12/2311102169_BenWaizPintusW/FestivalMakanan/vendor/laravel/framework/src/Illuminate/Session/Middleware/StartSession.php(120): Illuminate/Pipeline/Pipeline->Illuminate/Pipeline/{closure}(Object(Illuminate/Http/Request))
#11 D:/Semester 6/Praktikum ABP/modul-10-11-12/2311102169_BenWaizPintusW/FestivalMakanan/vendor/laravel/framework/src/Illuminate/Session/Middleware/StartSession.php(63): Illuminate/Session/Middleware/StartSession->handleStatefulRequest(Object(Illuminate/Http/Request), Object(Illuminate/Session/Store), Object(Closure))
#12 D:/Semester 6/Praktikum ABP/modul-10-11-12/2311102169_BenWaizPintusW/FestivalMakanan/vendor/laravel/framework/src/Illuminate/Pipeline/Pipeline.php(219): Illuminate/Session/Middleware/StartSession->handle(Object(Illuminate/Http/Request), Object(Closure))
#13 D:/Semester 6/Praktikum ABP/modul-10-11-12/2311102169_BenWaizPintusW/FestivalMakanan/vendor/laravel/framework/src/Illuminate/Cookie/Middleware/AddQueuedCookiesToResponse.php(36): Illuminate/Pipeline/Pipeline->Illuminate/Pipeline/{closure}(Object(Illuminate/Http/Request))
#14 D:/Semester 6/Praktikum ABP/modul-10-11-12/2311102169_BenWaizPintusW/FestivalMakanan/vendor/laravel/framework/src/Illuminate/Pipeline/Pipeline.php(219): Illuminate/Cookie/Middleware/AddQueuedCookiesToResponse->handle(Object(Illuminate/Http/Request), Object(Closure))
#15 D:/Semester 6/Praktikum ABP/modul-10-11-12/2311102169_BenWaizPintusW/FestivalMakanan/vendor/laravel/framework/src/Illuminate/Cookie/Middleware/EncryptCookies.php(74): Illuminate/Pipeline/Pipeline->Illuminate/Pipeline/{closure}(Object(Illuminate/Http/Request))
#16 D:/Semester 6/Praktikum ABP/modul-10-11-12/2311102169_BenWaizPintusW/FestivalMakanan/vendor/laravel/framework/src/Illuminate/Pipeline/Pipeline.php(219): Illuminate/Cookie/Middleware/EncryptCookies->handle(Object(Illuminate/Http/Request), Object(Closure))
#17 D:/Semester 6/Praktikum ABP/modul-10-11-12/2311102169_BenWaizPintusW/FestivalMakanan/vendor/laravel/framework/src/Illuminate/Pipeline/Pipeline.php(137): Illuminate/Pipeline/Pipeline->Illuminate/Pipeline/{closure}(Object(Illuminate/Http/Request))
#18 D:/Semester 6/Praktikum ABP/modul-10-11-12/2311102169_BenWaizPintusW/FestivalMakanan/vendor/laravel/framework/src/Illuminate/Routing/Router.php(821): Illuminate/Pipeline/Pipeline->then(Object(Closure))
#19 D:/Semester 6/Praktikum ABP/modul-10-11-12/2311102169_BenWaizPintusW/FestivalMakanan/vendor/laravel/framework/src/Illuminate/Routing/Router.php(800): Illuminate/Routing/Router->runRouteWithinStack(Object(Illuminate/Routing/Route), Object(Illuminate/Http/Request))
#20 D:/Semester 6/Praktikum ABP/modul-10-11-12/2311102169_BenWaizPintusW/FestivalMakanan/vendor/laravel/framework/src/Illuminate/Routing/Router.php(764): Illuminate/Routing/Router->runRoute(Object(Illuminate/Http/Request), Object(Illuminate/Routing/Route))
#21 D:/Semester 6/Praktikum ABP/modul-10-11-12/2311102169_BenWaizPintusW/FestivalMakanan/vendor/laravel/framework/src/Illuminate/Routing/Router.php(753): Illuminate/Routing/Router->dispatchToRoute(Object(Illuminate/Http/Request))
#22 D:/Semester 6/Praktikum ABP/modul-10-11-12/2311102169_BenWaizPintusW/FestivalMakanan/vendor/laravel/framework/src/Illuminate/Foundation/Http/Kernel.php(200): Illuminate/Routing/Router->dispatch(Object(Illuminate/Http/Request))
#23 D:/Semester 6/Praktikum ABP/modul-10-11-12/2311102169_BenWaizPintusW/FestivalMakanan/vendor/laravel/framework/src/Illuminate/Pipeline/Pipeline.php(180): Illuminate/Foundation/Http/Kernel->Illuminate/Foundation/Http/{closure}(Object(Illuminate/Http/Request))
#24 D:/Semester 6/Praktikum ABP/modul-10-11-12/2311102169_BenWaizPintusW/FestivalMakanan/vendor/laravel/framework/src/Illuminate/Foundation/Http/Middleware/TransformsRequest.php(21): Illuminate/Pipeline/Pipeline->Illuminate/Pipeline/{closure}(Object(Illuminate/Http/Request))
#25 D:/Semester 6/Praktikum ABP/modul-10-11-12/2311102169_BenWaizPintusW/FestivalMakanan/vendor/laravel/framework/src/Illuminate/Foundation/Http/Middleware/ConvertEmptyStringsToNull.php(31): Illuminate/Foundation/Http/Middleware/TransformsRequest->handle(Object(Illuminate/Http/Request), Object(Closure))
#26 D:/Semester 6/Praktikum ABP/modul-10-11-12/2311102169_BenWaizPintusW/FestivalMakanan/vendor/laravel/framework/src/Illuminate/Pipeline/Pipeline.php(219): Illuminate/Foundation/Http/Middleware/ConvertEmptyStringsToNull->handle(Object(Illuminate/Http/Request), Object(Closure))
#27 D:/Semester 6/Praktikum ABP/modul-10-11-12/2311102169_BenWaizPintusW/FestivalMakanan/vendor/laravel/framework/src/Illuminate/Foundation/Http/Middleware/TransformsRequest.php(21): Illuminate/Pipeline/Pipeline->Illuminate/Pipeline/{closure}(Object(Illuminate/Http/Request))
#28 D:/Semester 6/Praktikum ABP/modul-10-11-12/2311102169_BenWaizPintusW/FestivalMakanan/vendor/laravel/framework/src/Illuminate/Foundation/Http/Middleware/TrimStrings.php(51): Illuminate/Foundation/Http/Middleware/TransformsRequest->handle(Object(Illuminate/Http/Request), Object(Closure))
#29 D:/Semester 6/Praktikum ABP/modul-10-11-12/2311102169_BenWaizPintusW/FestivalMakanan/vendor/laravel/framework/src/Illuminate/Pipeline/Pipeline.php(219): Illuminate/Foundation/Http/Middleware/TrimStrings->handle(Object(Illuminate/Http/Request), Object(Closure))
#30 D:/Semester 6/Praktikum ABP/modul-10-11-12/2311102169_BenWaizPintusW/FestivalMakanan/vendor/laravel/framework/src/Illuminate/Http/Middleware/ValidatePostSize.php(27): Illuminate/Pipeline/Pipeline->Illuminate/Pipeline/{closure}(Object(Illuminate/Http/Request))
#31 D:/Semester 6/Praktikum ABP/modul-10-11-12/2311102169_BenWaizPintusW/FestivalMakanan/vendor/laravel/framework/src/Illuminate/Pipeline/Pipeline.php(219): Illuminate/Http/Middleware/ValidatePostSize->handle(Object(Illuminate/Http/Request), Object(Closure))
#32 D:/Semester 6/Praktikum ABP/modul-10-11-12/2311102169_BenWaizPintusW/FestivalMakanan/vendor/laravel/framework/src/Illuminate/Foundation/Http/Middleware/PreventRequestsDuringMaintenance.php(109): Illuminate/Pipeline/Pipeline->Illuminate/Pipeline/{closure}(Object(Illuminate/Http/Request))
#33 D:/Semester 6/Praktikum ABP/modul-10-11-12/2311102169_BenWaizPintusW/FestivalMakanan/vendor/laravel/framework/src/Illuminate/Pipeline/Pipeline.php(219): Illuminate/Foundation/Http/Middleware/PreventRequestsDuringMaintenance->handle(Object(Illuminate/Http/Request), Object(Closure))
#34 D:/Semester 6/Praktikum ABP/modul-10-11-12/2311102169_BenWaizPintusW/FestivalMakanan/vendor/laravel/framework/src/Illuminate/Http/Middleware/HandleCors.php(61): Illuminate/Pipeline/Pipeline->Illuminate/Pipeline/{closure}(Object(Illuminate/Http/Request))
#35 D:/Semester 6/Praktikum ABP/modul-10-11-12/2311102169_BenWaizPintusW/FestivalMakanan/vendor/laravel/framework/src/Illuminate/Pipeline/Pipeline.php(219): Illuminate/Http/Middleware/HandleCors->handle(Object(Illuminate/Http/Request), Object(Closure))
#36 D:/Semester 6/Praktikum ABP/modul-10-11-12/2311102169_BenWaizPintusW/FestivalMakanan/vendor/laravel/framework/src/Illuminate/Http/Middleware/TrustProxies.php(58): Illuminate/Pipeline/Pipeline->Illuminate/Pipeline/{closure}(Object(Illuminate/Http/Request))
#37 D:/Semester 6/Praktikum ABP/modul-10-11-12/2311102169_BenWaizPintusW/FestivalMakanan/vendor/laravel/framework/src/Illuminate/Pipeline/Pipeline.php(219): Illuminate/Http/Middleware/TrustProxies->handle(Object(Illuminate/Http/Request), Object(Closure))
#38 D:/Semester 6/Praktikum ABP/modul-10-11-12/2311102169_BenWaizPintusW/FestivalMakanan/vendor/laravel/framework/src/Illuminate/Foundation/Http/Middleware/InvokeDeferredCallbacks.php(22): Illuminate/Pipeline/Pipeline->Illuminate/Pipeline/{closure}(Object(Illuminate/Http/Request))
#39 D:/Semester 6/Praktikum ABP/modul-10-11-12/2311102169_BenWaizPintusW/FestivalMakanan/vendor/laravel/framework/src/Illuminate/Pipeline/Pipeline.php(219): Illuminate/Foundation/Http/Middleware/InvokeDeferredCallbacks->handle(Object(Illuminate/Http/Request), Object(Closure))
#40 D:/Semester 6/Praktikum ABP/modul-10-11-12/2311102169_BenWaizPintusW/FestivalMakanan/vendor/laravel/framework/src/Illuminate/Http/Middleware/ValidatePathEncoding.php(26): Illuminate/Pipeline/Pipeline->Illuminate/Pipeline/{closure}(Object(Illuminate/Http/Request))
#41 D:/Semester 6/Praktikum ABP/modul-10-11-12/2311102169_BenWaizPintusW/FestivalMakanan/vendor/laravel/framework/src/Illuminate/Pipeline/Pipeline.php(219): Illuminate/Http/Middleware/ValidatePathEncoding->handle(Object(Illuminate/Http/Request), Object(Closure))
#42 D:/Semester 6/Praktikum ABP/modul-10-11-12/2311102169_BenWaizPintusW/FestivalMakanan/vendor/laravel/framework/src/Illuminate/Pipeline/Pipeline.php(137): Illuminate/Pipeline/Pipeline->Illuminate/Pipeline/{closure}(Object(Illuminate/Http/Request))
#43 D:/Semester 6/Praktikum ABP/modul-10-11-12/2311102169_BenWaizPintusW/FestivalMakanan/vendor/laravel/framework/src/Illuminate/Foundation/Http/Kernel.php(175): Illuminate/Pipeline/Pipeline->then(Object(Closure))
#44 D:/Semester 6/Praktikum ABP/modul-10-11-12/2311102169_BenWaizPintusW/FestivalMakanan/vendor/laravel/framework/src/Illuminate/Foundation/Http/Kernel.php(144): Illuminate/Foundation/Http/Kernel->sendRequestThroughRouter(Object(Illuminate/Http/Request))
#45 D:/Semester 6/Praktikum ABP/modul-10-11-12/2311102169_BenWaizPintusW/FestivalMakanan/vendor/laravel/framework/src/Illuminate/Foundation/Application.php(1220): Illuminate/Foundation/Http/Kernel->handle(Object(Illuminate/Http/Request))
#46 D:/Semester 6/Praktikum ABP/modul-10-11-12/2311102169_BenWaizPintusW/FestivalMakanan/public/index.php(20): Illuminate/Foundation/Application->handleRequest(Object(Illuminate/Http/Request))
#47 D:/Semester 6/Praktikum ABP/modul-10-11-12/2311102169_BenWaizPintusW/FestivalMakanan/vendor/laravel/framework/src/Illuminate/Foundation/resources/server.php(23): require_once('D://Semester 6//P...')
#48 {main}
"} 
[2026-04-21 12:32:16] local.ERROR: Call to undefined method App\Http\Controllers\ProductController::index() {"exception":"[object] (Error(code: 0): Call to undefined method App\\Http\\Controllers\\ProductController::index() at D:/Semester 6/Praktikum ABP/modul-10-11-12/2311102169_BenWaizPintusW/FestivalMakanan/vendor/laravel/framework/src/Illuminate/Routing/ControllerDispatcher.php:46)
[stacktrace]
#0 D:/Semester 6/Praktikum ABP/modul-10-11-12/2311102169_BenWaizPintusW/FestivalMakanan/vendor/laravel/framework/src/Illuminate/Routing/Route.php(265): Illuminate/Routing/ControllerDispatcher->dispatch(Object(Illuminate/Routing/Route), Object(App/Http/Controllers/ProductController), 'index')
#1 D:/Semester 6/Praktikum ABP/modul-10-11-12/2311102169_BenWaizPintusW/FestivalMakanan/vendor/laravel/framework/src/Illuminate/Routing/Route.php(211): Illuminate/Routing/Route->runController()
#2 D:/Semester 6/Praktikum ABP/modul-10-11-12/2311102169_BenWaizPintusW/FestivalMakanan/vendor/laravel/framework/src/Illuminate/Routing/Router.php(822): Illuminate/Routing/Route->run()
#3 D:/Semester 6/Praktikum ABP/modul-10-11-12/2311102169_BenWaizPintusW/FestivalMakanan/vendor/laravel/framework/src/Illuminate/Pipeline/Pipeline.php(180): Illuminate/Routing/Router->Illuminate/Routing/{closure}(Object(Illuminate/Http/Request))
#4 D:/Semester 6/Praktikum ABP/modul-10-11-12/2311102169_BenWaizPintusW/FestivalMakanan/vendor/laravel/framework/src/Illuminate/Routing/Middleware/SubstituteBindings.php(50): Illuminate/Pipeline/Pipeline->Illuminate/Pipeline/{closure}(Object(Illuminate/Http/Request))
#5 D:/Semester 6/Praktikum ABP/modul-10-11-12/2311102169_BenWaizPintusW/FestivalMakanan/vendor/laravel/framework/src/Illuminate/Pipeline/Pipeline.php(219): Illuminate/Routing/Middleware/SubstituteBindings->handle(Object(Illuminate/Http/Request), Object(Closure))
#6 D:/Semester 6/Praktikum ABP/modul-10-11-12/2311102169_BenWaizPintusW/FestivalMakanan/vendor/laravel/framework/src/Illuminate/Foundation/Http/Middleware/VerifyCsrfToken.php(87): Illuminate/Pipeline/Pipeline->Illuminate/Pipeline/{closure}(Object(Illuminate/Http/Request))
#7 D:/Semester 6/Praktikum ABP/modul-10-11-12/2311102169_BenWaizPintusW/FestivalMakanan/vendor/laravel/framework/src/Illuminate/Pipeline/Pipeline.php(219): Illuminate/Foundation/Http/Middleware/VerifyCsrfToken->handle(Object(Illuminate/Http/Request), Object(Closure))
#8 D:/Semester 6/Praktikum ABP/modul-10-11-12/2311102169_BenWaizPintusW/FestivalMakanan/vendor/laravel/framework/src/Illuminate/View/Middleware/ShareErrorsFromSession.php(48): Illuminate/Pipeline/Pipeline->Illuminate/Pipeline/{closure}(Object(Illuminate/Http/Request))
#9 D:/Semester 6/Praktikum ABP/modul-10-11-12/2311102169_BenWaizPintusW/FestivalMakanan/vendor/laravel/framework/src/Illuminate/Pipeline/Pipeline.php(219): Illuminate/View/Middleware/ShareErrorsFromSession->handle(Object(Illuminate/Http/Request), Object(Closure))
#10 D:/Semester 6/Praktikum ABP/modul-10-11-12/2311102169_BenWaizPintusW/FestivalMakanan/vendor/laravel/framework/src/Illuminate/Session/Middleware/StartSession.php(120): Illuminate/Pipeline/Pipeline->Illuminate/Pipeline/{closure}(Object(Illuminate/Http/Request))
#11 D:/Semester 6/Praktikum ABP/modul-10-11-12/2311102169_BenWaizPintusW/FestivalMakanan/vendor/laravel/framework/src/Illuminate/Session/Middleware/StartSession.php(63): Illuminate/Session/Middleware/StartSession->handleStatefulRequest(Object(Illuminate/Http/Request), Object(Illuminate/Session/Store), Object(Closure))
#12 D:/Semester 6/Praktikum ABP/modul-10-11-12/2311102169_BenWaizPintusW/FestivalMakanan/vendor/laravel/framework/src/Illuminate/Pipeline/Pipeline.php(219): Illuminate/Session/Middleware/StartSession->handle(Object(Illuminate/Http/Request), Object(Closure))
#13 D:/Semester 6/Praktikum ABP/modul-10-11-12/2311102169_BenWaizPintusW/FestivalMakanan/vendor/laravel/framework/src/Illuminate/Cookie/Middleware/AddQueuedCookiesToResponse.php(36): Illuminate/Pipeline/Pipeline->Illuminate/Pipeline/{closure}(Object(Illuminate/Http/Request))
#14 D:/Semester 6/Praktikum ABP/modul-10-11-12/2311102169_BenWaizPintusW/FestivalMakanan/vendor/laravel/framework/src/Illuminate/Pipeline/Pipeline.php(219): Illuminate/Cookie/Middleware/AddQueuedCookiesToResponse->handle(Object(Illuminate/Http/Request), Object(Closure))
#15 D:/Semester 6/Praktikum ABP/modul-10-11-12/2311102169_BenWaizPintusW/FestivalMakanan/vendor/laravel/framework/src/Illuminate/Cookie/Middleware/EncryptCookies.php(74): Illuminate/Pipeline/Pipeline->Illuminate/Pipeline/{closure}(Object(Illuminate/Http/Request))
#16 D:/Semester 6/Praktikum ABP/modul-10-11-12/2311102169_BenWaizPintusW/FestivalMakanan/vendor/laravel/framework/src/Illuminate/Pipeline/Pipeline.php(219): Illuminate/Cookie/Middleware/EncryptCookies->handle(Object(Illuminate/Http/Request), Object(Closure))
#17 D:/Semester 6/Praktikum ABP/modul-10-11-12/2311102169_BenWaizPintusW/FestivalMakanan/vendor/laravel/framework/src/Illuminate/Pipeline/Pipeline.php(137): Illuminate/Pipeline/Pipeline->Illuminate/Pipeline/{closure}(Object(Illuminate/Http/Request))
#18 D:/Semester 6/Praktikum ABP/modul-10-11-12/2311102169_BenWaizPintusW/FestivalMakanan/vendor/laravel/framework/src/Illuminate/Routing/Router.php(821): Illuminate/Pipeline/Pipeline->then(Object(Closure))
#19 D:/Semester 6/Praktikum ABP/modul-10-11-12/2311102169_BenWaizPintusW/FestivalMakanan/vendor/laravel/framework/src/Illuminate/Routing/Router.php(800): Illuminate/Routing/Router->runRouteWithinStack(Object(Illuminate/Routing/Route), Object(Illuminate/Http/Request))
#20 D:/Semester 6/Praktikum ABP/modul-10-11-12/2311102169_BenWaizPintusW/FestivalMakanan/vendor/laravel/framework/src/Illuminate/Routing/Router.php(764): Illuminate/Routing/Router->runRoute(Object(Illuminate/Http/Request), Object(Illuminate/Routing/Route))
#21 D:/Semester 6/Praktikum ABP/modul-10-11-12/2311102169_BenWaizPintusW/FestivalMakanan/vendor/laravel/framework/src/Illuminate/Routing/Router.php(753): Illuminate/Routing/Router->dispatchToRoute(Object(Illuminate/Http/Request))
#22 D:/Semester 6/Praktikum ABP/modul-10-11-12/2311102169_BenWaizPintusW/FestivalMakanan/vendor/laravel/framework/src/Illuminate/Foundation/Http/Kernel.php(200): Illuminate/Routing/Router->dispatch(Object(Illuminate/Http/Request))
#23 D:/Semester 6/Praktikum ABP/modul-10-11-12/2311102169_BenWaizPintusW/FestivalMakanan/vendor/laravel/framework/src/Illuminate/Pipeline/Pipeline.php(180): Illuminate/Foundation/Http/Kernel->Illuminate/Foundation/Http/{closure}(Object(Illuminate/Http/Request))
#24 D:/Semester 6/Praktikum ABP/modul-10-11-12/2311102169_BenWaizPintusW/FestivalMakanan/vendor/laravel/framework/src/Illuminate/Foundation/Http/Middleware/TransformsRequest.php(21): Illuminate/Pipeline/Pipeline->Illuminate/Pipeline/{closure}(Object(Illuminate/Http/Request))
#25 D:/Semester 6/Praktikum ABP/modul-10-11-12/2311102169_BenWaizPintusW/FestivalMakanan/vendor/laravel/framework/src/Illuminate/Foundation/Http/Middleware/ConvertEmptyStringsToNull.php(31): Illuminate/Foundation/Http/Middleware/TransformsRequest->handle(Object(Illuminate/Http/Request), Object(Closure))
#26 D:/Semester 6/Praktikum ABP/modul-10-11-12/2311102169_BenWaizPintusW/FestivalMakanan/vendor/laravel/framework/src/Illuminate/Pipeline/Pipeline.php(219): Illuminate/Foundation/Http/Middleware/ConvertEmptyStringsToNull->handle(Object(Illuminate/Http/Request), Object(Closure))
#27 D:/Semester 6/Praktikum ABP/modul-10-11-12/2311102169_BenWaizPintusW/FestivalMakanan/vendor/laravel/framework/src/Illuminate/Foundation/Http/Middleware/TransformsRequest.php(21): Illuminate/Pipeline/Pipeline->Illuminate/Pipeline/{closure}(Object(Illuminate/Http/Request))
#28 D:/Semester 6/Praktikum ABP/modul-10-11-12/2311102169_BenWaizPintusW/FestivalMakanan/vendor/laravel/framework/src/Illuminate/Foundation/Http/Middleware/TrimStrings.php(51): Illuminate/Foundation/Http/Middleware/TransformsRequest->handle(Object(Illuminate/Http/Request), Object(Closure))
#29 D:/Semester 6/Praktikum ABP/modul-10-11-12/2311102169_BenWaizPintusW/FestivalMakanan/vendor/laravel/framework/src/Illuminate/Pipeline/Pipeline.php(219): Illuminate/Foundation/Http/Middleware/TrimStrings->handle(Object(Illuminate/Http/Request), Object(Closure))
#30 D:/Semester 6/Praktikum ABP/modul-10-11-12/2311102169_BenWaizPintusW/FestivalMakanan/vendor/laravel/framework/src/Illuminate/Http/Middleware/ValidatePostSize.php(27): Illuminate/Pipeline/Pipeline->Illuminate/Pipeline/{closure}(Object(Illuminate/Http/Request))
#31 D:/Semester 6/Praktikum ABP/modul-10-11-12/2311102169_BenWaizPintusW/FestivalMakanan/vendor/laravel/framework/src/Illuminate/Pipeline/Pipeline.php(219): Illuminate/Http/Middleware/ValidatePostSize->handle(Object(Illuminate/Http/Request), Object(Closure))
#32 D:/Semester 6/Praktikum ABP/modul-10-11-12/2311102169_BenWaizPintusW/FestivalMakanan/vendor/laravel/framework/src/Illuminate/Foundation/Http/Middleware/PreventRequestsDuringMaintenance.php(109): Illuminate/Pipeline/Pipeline->Illuminate/Pipeline/{closure}(Object(Illuminate/Http/Request))
#33 D:/Semester 6/Praktikum ABP/modul-10-11-12/2311102169_BenWaizPintusW/FestivalMakanan/vendor/laravel/framework/src/Illuminate/Pipeline/Pipeline.php(219): Illuminate/Foundation/Http/Middleware/PreventRequestsDuringMaintenance->handle(Object(Illuminate/Http/Request), Object(Closure))
#34 D:/Semester 6/Praktikum ABP/modul-10-11-12/2311102169_BenWaizPintusW/FestivalMakanan/vendor/laravel/framework/src/Illuminate/Http/Middleware/HandleCors.php(61): Illuminate/Pipeline/Pipeline->Illuminate/Pipeline/{closure}(Object(Illuminate/Http/Request))
#35 D:/Semester 6/Praktikum ABP/modul-10-11-12/2311102169_BenWaizPintusW/FestivalMakanan/vendor/laravel/framework/src/Illuminate/Pipeline/Pipeline.php(219): Illuminate/Http/Middleware/HandleCors->handle(Object(Illuminate/Http/Request), Object(Closure))
#36 D:/Semester 6/Praktikum ABP/modul-10-11-12/2311102169_BenWaizPintusW/FestivalMakanan/vendor/laravel/framework/src/Illuminate/Http/Middleware/TrustProxies.php(58): Illuminate/Pipeline/Pipeline->Illuminate/Pipeline/{closure}(Object(Illuminate/Http/Request))
#37 D:/Semester 6/Praktikum ABP/modul-10-11-12/2311102169_BenWaizPintusW/FestivalMakanan/vendor/laravel/framework/src/Illuminate/Pipeline/Pipeline.php(219): Illuminate/Http/Middleware/TrustProxies->handle(Object(Illuminate/Http/Request), Object(Closure))
#38 D:/Semester 6/Praktikum ABP/modul-10-11-12/2311102169_BenWaizPintusW/FestivalMakanan/vendor/laravel/framework/src/Illuminate/Foundation/Http/Middleware/InvokeDeferredCallbacks.php(22): Illuminate/Pipeline/Pipeline->Illuminate/Pipeline/{closure}(Object(Illuminate/Http/Request))
#39 D:/Semester 6/Praktikum ABP/modul-10-11-12/2311102169_BenWaizPintusW/FestivalMakanan/vendor/laravel/framework/src/Illuminate/Pipeline/Pipeline.php(219): Illuminate/Foundation/Http/Middleware/InvokeDeferredCallbacks->handle(Object(Illuminate/Http/Request), Object(Closure))
#40 D:/Semester 6/Praktikum ABP/modul-10-11-12/2311102169_BenWaizPintusW/FestivalMakanan/vendor/laravel/framework/src/Illuminate/Http/Middleware/ValidatePathEncoding.php(26): Illuminate/Pipeline/Pipeline->Illuminate/Pipeline/{closure}(Object(Illuminate/Http/Request))
#41 D:/Semester 6/Praktikum ABP/modul-10-11-12/2311102169_BenWaizPintusW/FestivalMakanan/vendor/laravel/framework/src/Illuminate/Pipeline/Pipeline.php(219): Illuminate/Http/Middleware/ValidatePathEncoding->handle(Object(Illuminate/Http/Request), Object(Closure))
#42 D:/Semester 6/Praktikum ABP/modul-10-11-12/2311102169_BenWaizPintusW/FestivalMakanan/vendor/laravel/framework/src/Illuminate/Pipeline/Pipeline.php(137): Illuminate/Pipeline/Pipeline->Illuminate/Pipeline/{closure}(Object(Illuminate/Http/Request))
#43 D:/Semester 6/Praktikum ABP/modul-10-11-12/2311102169_BenWaizPintusW/FestivalMakanan/vendor/laravel/framework/src/Illuminate/Foundation/Http/Kernel.php(175): Illuminate/Pipeline/Pipeline->then(Object(Closure))
#44 D:/Semester 6/Praktikum ABP/modul-10-11-12/2311102169_BenWaizPintusW/FestivalMakanan/vendor/laravel/framework/src/Illuminate/Foundation/Http/Kernel.php(144): Illuminate/Foundation/Http/Kernel->sendRequestThroughRouter(Object(Illuminate/Http/Request))
#45 D:/Semester 6/Praktikum ABP/modul-10-11-12/2311102169_BenWaizPintusW/FestivalMakanan/vendor/laravel/framework/src/Illuminate/Foundation/Application.php(1220): Illuminate/Foundation/Http/Kernel->handle(Object(Illuminate/Http/Request))
#46 D:/Semester 6/Praktikum ABP/modul-10-11-12/2311102169_BenWaizPintusW/FestivalMakanan/public/index.php(20): Illuminate/Foundation/Application->handleRequest(Object(Illuminate/Http/Request))
#47 D:/Semester 6/Praktikum ABP/modul-10-11-12/2311102169_BenWaizPintusW/FestivalMakanan/vendor/laravel/framework/src/Illuminate/Foundation/resources/server.php(23): require_once('D://Semester 6//P...')
#48 {main}
"} 
[2026-04-21 12:34:14] local.ERROR: Call to undefined method App\Http\Controllers\ProductController::index() {"exception":"[object] (Error(code: 0): Call to undefined method App\\Http\\Controllers\\ProductController::index() at D:/Semester 6/Praktikum ABP/modul-10-11-12/2311102169_BenWaizPintusW/FestivalMakanan/vendor/laravel/framework/src/Illuminate/Routing/ControllerDispatcher.php:46)
[stacktrace]
#0 D:/Semester 6/Praktikum ABP/modul-10-11-12/2311102169_BenWaizPintusW/FestivalMakanan/vendor/laravel/framework/src/Illuminate/Routing/Route.php(265): Illuminate/Routing/ControllerDispatcher->dispatch(Object(Illuminate/Routing/Route), Object(App/Http/Controllers/ProductController), 'index')
#1 D:/Semester 6/Praktikum ABP/modul-10-11-12/2311102169_BenWaizPintusW/FestivalMakanan/vendor/laravel/framework/src/Illuminate/Routing/Route.php(211): Illuminate/Routing/Route->runController()
#2 D:/Semester 6/Praktikum ABP/modul-10-11-12/2311102169_BenWaizPintusW/FestivalMakanan/vendor/laravel/framework/src/Illuminate/Routing/Router.php(822): Illuminate/Routing/Route->run()
#3 D:/Semester 6/Praktikum ABP/modul-10-11-12/2311102169_BenWaizPintusW/FestivalMakanan/vendor/laravel/framework/src/Illuminate/Pipeline/Pipeline.php(180): Illuminate/Routing/Router->Illuminate/Routing/{closure}(Object(Illuminate/Http/Request))
#4 D:/Semester 6/Praktikum ABP/modul-10-11-12/2311102169_BenWaizPintusW/FestivalMakanan/vendor/laravel/framework/src/Illuminate/Routing/Middleware/SubstituteBindings.php(50): Illuminate/Pipeline/Pipeline->Illuminate/Pipeline/{closure}(Object(Illuminate/Http/Request))
#5 D:/Semester 6/Praktikum ABP/modul-10-11-12/2311102169_BenWaizPintusW/FestivalMakanan/vendor/laravel/framework/src/Illuminate/Pipeline/Pipeline.php(219): Illuminate/Routing/Middleware/SubstituteBindings->handle(Object(Illuminate/Http/Request), Object(Closure))
#6 D:/Semester 6/Praktikum ABP/modul-10-11-12/2311102169_BenWaizPintusW/FestivalMakanan/vendor/laravel/framework/src/Illuminate/Foundation/Http/Middleware/VerifyCsrfToken.php(87): Illuminate/Pipeline/Pipeline->Illuminate/Pipeline/{closure}(Object(Illuminate/Http/Request))
#7 D:/Semester 6/Praktikum ABP/modul-10-11-12/2311102169_BenWaizPintusW/FestivalMakanan/vendor/laravel/framework/src/Illuminate/Pipeline/Pipeline.php(219): Illuminate/Foundation/Http/Middleware/VerifyCsrfToken->handle(Object(Illuminate/Http/Request), Object(Closure))
#8 D:/Semester 6/Praktikum ABP/modul-10-11-12/2311102169_BenWaizPintusW/FestivalMakanan/vendor/laravel/framework/src/Illuminate/View/Middleware/ShareErrorsFromSession.php(48): Illuminate/Pipeline/Pipeline->Illuminate/Pipeline/{closure}(Object(Illuminate/Http/Request))
#9 D:/Semester 6/Praktikum ABP/modul-10-11-12/2311102169_BenWaizPintusW/FestivalMakanan/vendor/laravel/framework/src/Illuminate/Pipeline/Pipeline.php(219): Illuminate/View/Middleware/ShareErrorsFromSession->handle(Object(Illuminate/Http/Request), Object(Closure))
#10 D:/Semester 6/Praktikum ABP/modul-10-11-12/2311102169_BenWaizPintusW/FestivalMakanan/vendor/laravel/framework/src/Illuminate/Session/Middleware/StartSession.php(120): Illuminate/Pipeline/Pipeline->Illuminate/Pipeline/{closure}(Object(Illuminate/Http/Request))
#11 D:/Semester 6/Praktikum ABP/modul-10-11-12/2311102169_BenWaizPintusW/FestivalMakanan/vendor/laravel/framework/src/Illuminate/Session/Middleware/StartSession.php(63): Illuminate/Session/Middleware/StartSession->handleStatefulRequest(Object(Illuminate/Http/Request), Object(Illuminate/Session/Store), Object(Closure))
#12 D:/Semester 6/Praktikum ABP/modul-10-11-12/2311102169_BenWaizPintusW/FestivalMakanan/vendor/laravel/framework/src/Illuminate/Pipeline/Pipeline.php(219): Illuminate/Session/Middleware/StartSession->handle(Object(Illuminate/Http/Request), Object(Closure))
#13 D:/Semester 6/Praktikum ABP/modul-10-11-12/2311102169_BenWaizPintusW/FestivalMakanan/vendor/laravel/framework/src/Illuminate/Cookie/Middleware/AddQueuedCookiesToResponse.php(36): Illuminate/Pipeline/Pipeline->Illuminate/Pipeline/{closure}(Object(Illuminate/Http/Request))
#14 D:/Semester 6/Praktikum ABP/modul-10-11-12/2311102169_BenWaizPintusW/FestivalMakanan/vendor/laravel/framework/src/Illuminate/Pipeline/Pipeline.php(219): Illuminate/Cookie/Middleware/AddQueuedCookiesToResponse->handle(Object(Illuminate/Http/Request), Object(Closure))
#15 D:/Semester 6/Praktikum ABP/modul-10-11-12/2311102169_BenWaizPintusW/FestivalMakanan/vendor/laravel/framework/src/Illuminate/Cookie/Middleware/EncryptCookies.php(74): Illuminate/Pipeline/Pipeline->Illuminate/Pipeline/{closure}(Object(Illuminate/Http/Request))
#16 D:/Semester 6/Praktikum ABP/modul-10-11-12/2311102169_BenWaizPintusW/FestivalMakanan/vendor/laravel/framework/src/Illuminate/Pipeline/Pipeline.php(219): Illuminate/Cookie/Middleware/EncryptCookies->handle(Object(Illuminate/Http/Request), Object(Closure))
#17 D:/Semester 6/Praktikum ABP/modul-10-11-12/2311102169_BenWaizPintusW/FestivalMakanan/vendor/laravel/framework/src/Illuminate/Pipeline/Pipeline.php(137): Illuminate/Pipeline/Pipeline->Illuminate/Pipeline/{closure}(Object(Illuminate/Http/Request))
#18 D:/Semester 6/Praktikum ABP/modul-10-11-12/2311102169_BenWaizPintusW/FestivalMakanan/vendor/laravel/framework/src/Illuminate/Routing/Router.php(821): Illuminate/Pipeline/Pipeline->then(Object(Closure))
#19 D:/Semester 6/Praktikum ABP/modul-10-11-12/2311102169_BenWaizPintusW/FestivalMakanan/vendor/laravel/framework/src/Illuminate/Routing/Router.php(800): Illuminate/Routing/Router->runRouteWithinStack(Object(Illuminate/Routing/Route), Object(Illuminate/Http/Request))
#20 D:/Semester 6/Praktikum ABP/modul-10-11-12/2311102169_BenWaizPintusW/FestivalMakanan/vendor/laravel/framework/src/Illuminate/Routing/Router.php(764): Illuminate/Routing/Router->runRoute(Object(Illuminate/Http/Request), Object(Illuminate/Routing/Route))
#21 D:/Semester 6/Praktikum ABP/modul-10-11-12/2311102169_BenWaizPintusW/FestivalMakanan/vendor/laravel/framework/src/Illuminate/Routing/Router.php(753): Illuminate/Routing/Router->dispatchToRoute(Object(Illuminate/Http/Request))
#22 D:/Semester 6/Praktikum ABP/modul-10-11-12/2311102169_BenWaizPintusW/FestivalMakanan/vendor/laravel/framework/src/Illuminate/Foundation/Http/Kernel.php(200): Illuminate/Routing/Router->dispatch(Object(Illuminate/Http/Request))
#23 D:/Semester 6/Praktikum ABP/modul-10-11-12/2311102169_BenWaizPintusW/FestivalMakanan/vendor/laravel/framework/src/Illuminate/Pipeline/Pipeline.php(180): Illuminate/Foundation/Http/Kernel->Illuminate/Foundation/Http/{closure}(Object(Illuminate/Http/Request))
#24 D:/Semester 6/Praktikum ABP/modul-10-11-12/2311102169_BenWaizPintusW/FestivalMakanan/vendor/laravel/framework/src/Illuminate/Foundation/Http/Middleware/TransformsRequest.php(21): Illuminate/Pipeline/Pipeline->Illuminate/Pipeline/{closure}(Object(Illuminate/Http/Request))
#25 D:/Semester 6/Praktikum ABP/modul-10-11-12/2311102169_BenWaizPintusW/FestivalMakanan/vendor/laravel/framework/src/Illuminate/Foundation/Http/Middleware/ConvertEmptyStringsToNull.php(31): Illuminate/Foundation/Http/Middleware/TransformsRequest->handle(Object(Illuminate/Http/Request), Object(Closure))
#26 D:/Semester 6/Praktikum ABP/modul-10-11-12/2311102169_BenWaizPintusW/FestivalMakanan/vendor/laravel/framework/src/Illuminate/Pipeline/Pipeline.php(219): Illuminate/Foundation/Http/Middleware/ConvertEmptyStringsToNull->handle(Object(Illuminate/Http/Request), Object(Closure))
#27 D:/Semester 6/Praktikum ABP/modul-10-11-12/2311102169_BenWaizPintusW/FestivalMakanan/vendor/laravel/framework/src/Illuminate/Foundation/Http/Middleware/TransformsRequest.php(21): Illuminate/Pipeline/Pipeline->Illuminate/Pipeline/{closure}(Object(Illuminate/Http/Request))
#28 D:/Semester 6/Praktikum ABP/modul-10-11-12/2311102169_BenWaizPintusW/FestivalMakanan/vendor/laravel/framework/src/Illuminate/Foundation/Http/Middleware/TrimStrings.php(51): Illuminate/Foundation/Http/Middleware/TransformsRequest->handle(Object(Illuminate/Http/Request), Object(Closure))
#29 D:/Semester 6/Praktikum ABP/modul-10-11-12/2311102169_BenWaizPintusW/FestivalMakanan/vendor/laravel/framework/src/Illuminate/Pipeline/Pipeline.php(219): Illuminate/Foundation/Http/Middleware/TrimStrings->handle(Object(Illuminate/Http/Request), Object(Closure))
#30 D:/Semester 6/Praktikum ABP/modul-10-11-12/2311102169_BenWaizPintusW/FestivalMakanan/vendor/laravel/framework/src/Illuminate/Http/Middleware/ValidatePostSize.php(27): Illuminate/Pipeline/Pipeline->Illuminate/Pipeline/{closure}(Object(Illuminate/Http/Request))
#31 D:/Semester 6/Praktikum ABP/modul-10-11-12/2311102169_BenWaizPintusW/FestivalMakanan/vendor/laravel/framework/src/Illuminate/Pipeline/Pipeline.php(219): Illuminate/Http/Middleware/ValidatePostSize->handle(Object(Illuminate/Http/Request), Object(Closure))
#32 D:/Semester 6/Praktikum ABP/modul-10-11-12/2311102169_BenWaizPintusW/FestivalMakanan/vendor/laravel/framework/src/Illuminate/Foundation/Http/Middleware/PreventRequestsDuringMaintenance.php(109): Illuminate/Pipeline/Pipeline->Illuminate/Pipeline/{closure}(Object(Illuminate/Http/Request))
#33 D:/Semester 6/Praktikum ABP/modul-10-11-12/2311102169_BenWaizPintusW/FestivalMakanan/vendor/laravel/framework/src/Illuminate/Pipeline/Pipeline.php(219): Illuminate/Foundation/Http/Middleware/PreventRequestsDuringMaintenance->handle(Object(Illuminate/Http/Request), Object(Closure))
#34 D:/Semester 6/Praktikum ABP/modul-10-11-12/2311102169_BenWaizPintusW/FestivalMakanan/vendor/laravel/framework/src/Illuminate/Http/Middleware/HandleCors.php(61): Illuminate/Pipeline/Pipeline->Illuminate/Pipeline/{closure}(Object(Illuminate/Http/Request))
#35 D:/Semester 6/Praktikum ABP/modul-10-11-12/2311102169_BenWaizPintusW/FestivalMakanan/vendor/laravel/framework/src/Illuminate/Pipeline/Pipeline.php(219): Illuminate/Http/Middleware/HandleCors->handle(Object(Illuminate/Http/Request), Object(Closure))
#36 D:/Semester 6/Praktikum ABP/modul-10-11-12/2311102169_BenWaizPintusW/FestivalMakanan/vendor/laravel/framework/src/Illuminate/Http/Middleware/TrustProxies.php(58): Illuminate/Pipeline/Pipeline->Illuminate/Pipeline/{closure}(Object(Illuminate/Http/Request))
#37 D:/Semester 6/Praktikum ABP/modul-10-11-12/2311102169_BenWaizPintusW/FestivalMakanan/vendor/laravel/framework/src/Illuminate/Pipeline/Pipeline.php(219): Illuminate/Http/Middleware/TrustProxies->handle(Object(Illuminate/Http/Request), Object(Closure))
#38 D:/Semester 6/Praktikum ABP/modul-10-11-12/2311102169_BenWaizPintusW/FestivalMakanan/vendor/laravel/framework/src/Illuminate/Foundation/Http/Middleware/InvokeDeferredCallbacks.php(22): Illuminate/Pipeline/Pipeline->Illuminate/Pipeline/{closure}(Object(Illuminate/Http/Request))
#39 D:/Semester 6/Praktikum ABP/modul-10-11-12/2311102169_BenWaizPintusW/FestivalMakanan/vendor/laravel/framework/src/Illuminate/Pipeline/Pipeline.php(219): Illuminate/Foundation/Http/Middleware/InvokeDeferredCallbacks->handle(Object(Illuminate/Http/Request), Object(Closure))
#40 D:/Semester 6/Praktikum ABP/modul-10-11-12/2311102169_BenWaizPintusW/FestivalMakanan/vendor/laravel/framework/src/Illuminate/Http/Middleware/ValidatePathEncoding.php(26): Illuminate/Pipeline/Pipeline->Illuminate/Pipeline/{closure}(Object(Illuminate/Http/Request))
#41 D:/Semester 6/Praktikum ABP/modul-10-11-12/2311102169_BenWaizPintusW/FestivalMakanan/vendor/laravel/framework/src/Illuminate/Pipeline/Pipeline.php(219): Illuminate/Http/Middleware/ValidatePathEncoding->handle(Object(Illuminate/Http/Request), Object(Closure))
#42 D:/Semester 6/Praktikum ABP/modul-10-11-12/2311102169_BenWaizPintusW/FestivalMakanan/vendor/laravel/framework/src/Illuminate/Pipeline/Pipeline.php(137): Illuminate/Pipeline/Pipeline->Illuminate/Pipeline/{closure}(Object(Illuminate/Http/Request))
#43 D:/Semester 6/Praktikum ABP/modul-10-11-12/2311102169_BenWaizPintusW/FestivalMakanan/vendor/laravel/framework/src/Illuminate/Foundation/Http/Kernel.php(175): Illuminate/Pipeline/Pipeline->then(Object(Closure))
#44 D:/Semester 6/Praktikum ABP/modul-10-11-12/2311102169_BenWaizPintusW/FestivalMakanan/vendor/laravel/framework/src/Illuminate/Foundation/Http/Kernel.php(144): Illuminate/Foundation/Http/Kernel->sendRequestThroughRouter(Object(Illuminate/Http/Request))
#45 D:/Semester 6/Praktikum ABP/modul-10-11-12/2311102169_BenWaizPintusW/FestivalMakanan/vendor/laravel/framework/src/Illuminate/Foundation/Application.php(1220): Illuminate/Foundation/Http/Kernel->handle(Object(Illuminate/Http/Request))
#46 D:/Semester 6/Praktikum ABP/modul-10-11-12/2311102169_BenWaizPintusW/FestivalMakanan/public/index.php(20): Illuminate/Foundation/Application->handleRequest(Object(Illuminate/Http/Request))
#47 D:/Semester 6/Praktikum ABP/modul-10-11-12/2311102169_BenWaizPintusW/FestivalMakanan/vendor/laravel/framework/src/Illuminate/Foundation/resources/server.php(23): require_once('D://Semester 6//P...')
#48 {main}
"} 
[2026-04-21 12:35:47] local.ERROR: Call to undefined method App\Http\Controllers\ProductController::index() {"exception":"[object] (Error(code: 0): Call to undefined method App\\Http\\Controllers\\ProductController::index() at D:/Semester 6/Praktikum ABP/modul-10-11-12/2311102169_BenWaizPintusW/FestivalMakanan/vendor/laravel/framework/src/Illuminate/Routing/ControllerDispatcher.php:46)
[stacktrace]
#0 D:/Semester 6/Praktikum ABP/modul-10-11-12/2311102169_BenWaizPintusW/FestivalMakanan/vendor/laravel/framework/src/Illuminate/Routing/Route.php(265): Illuminate/Routing/ControllerDispatcher->dispatch(Object(Illuminate/Routing/Route), Object(App/Http/Controllers/ProductController), 'index')
#1 D:/Semester 6/Praktikum ABP/modul-10-11-12/2311102169_BenWaizPintusW/FestivalMakanan/vendor/laravel/framework/src/Illuminate/Routing/Route.php(211): Illuminate/Routing/Route->runController()
#2 D:/Semester 6/Praktikum ABP/modul-10-11-12/2311102169_BenWaizPintusW/FestivalMakanan/vendor/laravel/framework/src/Illuminate/Routing/Router.php(822): Illuminate/Routing/Route->run()
#3 D:/Semester 6/Praktikum ABP/modul-10-11-12/2311102169_BenWaizPintusW/FestivalMakanan/vendor/laravel/framework/src/Illuminate/Pipeline/Pipeline.php(180): Illuminate/Routing/Router->Illuminate/Routing/{closure}(Object(Illuminate/Http/Request))
#4 D:/Semester 6/Praktikum ABP/modul-10-11-12/2311102169_BenWaizPintusW/FestivalMakanan/vendor/laravel/framework/src/Illuminate/Routing/Middleware/SubstituteBindings.php(50): Illuminate/Pipeline/Pipeline->Illuminate/Pipeline/{closure}(Object(Illuminate/Http/Request))
#5 D:/Semester 6/Praktikum ABP/modul-10-11-12/2311102169_BenWaizPintusW/FestivalMakanan/vendor/laravel/framework/src/Illuminate/Pipeline/Pipeline.php(219): Illuminate/Routing/Middleware/SubstituteBindings->handle(Object(Illuminate/Http/Request), Object(Closure))
#6 D:/Semester 6/Praktikum ABP/modul-10-11-12/2311102169_BenWaizPintusW/FestivalMakanan/vendor/laravel/framework/src/Illuminate/Foundation/Http/Middleware/VerifyCsrfToken.php(87): Illuminate/Pipeline/Pipeline->Illuminate/Pipeline/{closure}(Object(Illuminate/Http/Request))
#7 D:/Semester 6/Praktikum ABP/modul-10-11-12/2311102169_BenWaizPintusW/FestivalMakanan/vendor/laravel/framework/src/Illuminate/Pipeline/Pipeline.php(219): Illuminate/Foundation/Http/Middleware/VerifyCsrfToken->handle(Object(Illuminate/Http/Request), Object(Closure))
#8 D:/Semester 6/Praktikum ABP/modul-10-11-12/2311102169_BenWaizPintusW/FestivalMakanan/vendor/laravel/framework/src/Illuminate/View/Middleware/ShareErrorsFromSession.php(48): Illuminate/Pipeline/Pipeline->Illuminate/Pipeline/{closure}(Object(Illuminate/Http/Request))
#9 D:/Semester 6/Praktikum ABP/modul-10-11-12/2311102169_BenWaizPintusW/FestivalMakanan/vendor/laravel/framework/src/Illuminate/Pipeline/Pipeline.php(219): Illuminate/View/Middleware/ShareErrorsFromSession->handle(Object(Illuminate/Http/Request), Object(Closure))
#10 D:/Semester 6/Praktikum ABP/modul-10-11-12/2311102169_BenWaizPintusW/FestivalMakanan/vendor/laravel/framework/src/Illuminate/Session/Middleware/StartSession.php(120): Illuminate/Pipeline/Pipeline->Illuminate/Pipeline/{closure}(Object(Illuminate/Http/Request))
#11 D:/Semester 6/Praktikum ABP/modul-10-11-12/2311102169_BenWaizPintusW/FestivalMakanan/vendor/laravel/framework/src/Illuminate/Session/Middleware/StartSession.php(63): Illuminate/Session/Middleware/StartSession->handleStatefulRequest(Object(Illuminate/Http/Request), Object(Illuminate/Session/Store), Object(Closure))
#12 D:/Semester 6/Praktikum ABP/modul-10-11-12/2311102169_BenWaizPintusW/FestivalMakanan/vendor/laravel/framework/src/Illuminate/Pipeline/Pipeline.php(219): Illuminate/Session/Middleware/StartSession->handle(Object(Illuminate/Http/Request), Object(Closure))
#13 D:/Semester 6/Praktikum ABP/modul-10-11-12/2311102169_BenWaizPintusW/FestivalMakanan/vendor/laravel/framework/src/Illuminate/Cookie/Middleware/AddQueuedCookiesToResponse.php(36): Illuminate/Pipeline/Pipeline->Illuminate/Pipeline/{closure}(Object(Illuminate/Http/Request))
#14 D:/Semester 6/Praktikum ABP/modul-10-11-12/2311102169_BenWaizPintusW/FestivalMakanan/vendor/laravel/framework/src/Illuminate/Pipeline/Pipeline.php(219): Illuminate/Cookie/Middleware/AddQueuedCookiesToResponse->handle(Object(Illuminate/Http/Request), Object(Closure))
#15 D:/Semester 6/Praktikum ABP/modul-10-11-12/2311102169_BenWaizPintusW/FestivalMakanan/vendor/laravel/framework/src/Illuminate/Cookie/Middleware/EncryptCookies.php(74): Illuminate/Pipeline/Pipeline->Illuminate/Pipeline/{closure}(Object(Illuminate/Http/Request))
#16 D:/Semester 6/Praktikum ABP/modul-10-11-12/2311102169_BenWaizPintusW/FestivalMakanan/vendor/laravel/framework/src/Illuminate/Pipeline/Pipeline.php(219): Illuminate/Cookie/Middleware/EncryptCookies->handle(Object(Illuminate/Http/Request), Object(Closure))
#17 D:/Semester 6/Praktikum ABP/modul-10-11-12/2311102169_BenWaizPintusW/FestivalMakanan/vendor/laravel/framework/src/Illuminate/Pipeline/Pipeline.php(137): Illuminate/Pipeline/Pipeline->Illuminate/Pipeline/{closure}(Object(Illuminate/Http/Request))
#18 D:/Semester 6/Praktikum ABP/modul-10-11-12/2311102169_BenWaizPintusW/FestivalMakanan/vendor/laravel/framework/src/Illuminate/Routing/Router.php(821): Illuminate/Pipeline/Pipeline->then(Object(Closure))
#19 D:/Semester 6/Praktikum ABP/modul-10-11-12/2311102169_BenWaizPintusW/FestivalMakanan/vendor/laravel/framework/src/Illuminate/Routing/Router.php(800): Illuminate/Routing/Router->runRouteWithinStack(Object(Illuminate/Routing/Route), Object(Illuminate/Http/Request))
#20 D:/Semester 6/Praktikum ABP/modul-10-11-12/2311102169_BenWaizPintusW/FestivalMakanan/vendor/laravel/framework/src/Illuminate/Routing/Router.php(764): Illuminate/Routing/Router->runRoute(Object(Illuminate/Http/Request), Object(Illuminate/Routing/Route))
#21 D:/Semester 6/Praktikum ABP/modul-10-11-12/2311102169_BenWaizPintusW/FestivalMakanan/vendor/laravel/framework/src/Illuminate/Routing/Router.php(753): Illuminate/Routing/Router->dispatchToRoute(Object(Illuminate/Http/Request))
#22 D:/Semester 6/Praktikum ABP/modul-10-11-12/2311102169_BenWaizPintusW/FestivalMakanan/vendor/laravel/framework/src/Illuminate/Foundation/Http/Kernel.php(200): Illuminate/Routing/Router->dispatch(Object(Illuminate/Http/Request))
#23 D:/Semester 6/Praktikum ABP/modul-10-11-12/2311102169_BenWaizPintusW/FestivalMakanan/vendor/laravel/framework/src/Illuminate/Pipeline/Pipeline.php(180): Illuminate/Foundation/Http/Kernel->Illuminate/Foundation/Http/{closure}(Object(Illuminate/Http/Request))
#24 D:/Semester 6/Praktikum ABP/modul-10-11-12/2311102169_BenWaizPintusW/FestivalMakanan/vendor/laravel/framework/src/Illuminate/Foundation/Http/Middleware/TransformsRequest.php(21): Illuminate/Pipeline/Pipeline->Illuminate/Pipeline/{closure}(Object(Illuminate/Http/Request))
#25 D:/Semester 6/Praktikum ABP/modul-10-11-12/2311102169_BenWaizPintusW/FestivalMakanan/vendor/laravel/framework/src/Illuminate/Foundation/Http/Middleware/ConvertEmptyStringsToNull.php(31): Illuminate/Foundation/Http/Middleware/TransformsRequest->handle(Object(Illuminate/Http/Request), Object(Closure))
#26 D:/Semester 6/Praktikum ABP/modul-10-11-12/2311102169_BenWaizPintusW/FestivalMakanan/vendor/laravel/framework/src/Illuminate/Pipeline/Pipeline.php(219): Illuminate/Foundation/Http/Middleware/ConvertEmptyStringsToNull->handle(Object(Illuminate/Http/Request), Object(Closure))
#27 D:/Semester 6/Praktikum ABP/modul-10-11-12/2311102169_BenWaizPintusW/FestivalMakanan/vendor/laravel/framework/src/Illuminate/Foundation/Http/Middleware/TransformsRequest.php(21): Illuminate/Pipeline/Pipeline->Illuminate/Pipeline/{closure}(Object(Illuminate/Http/Request))
#28 D:/Semester 6/Praktikum ABP/modul-10-11-12/2311102169_BenWaizPintusW/FestivalMakanan/vendor/laravel/framework/src/Illuminate/Foundation/Http/Middleware/TrimStrings.php(51): Illuminate/Foundation/Http/Middleware/TransformsRequest->handle(Object(Illuminate/Http/Request), Object(Closure))
#29 D:/Semester 6/Praktikum ABP/modul-10-11-12/2311102169_BenWaizPintusW/FestivalMakanan/vendor/laravel/framework/src/Illuminate/Pipeline/Pipeline.php(219): Illuminate/Foundation/Http/Middleware/TrimStrings->handle(Object(Illuminate/Http/Request), Object(Closure))
#30 D:/Semester 6/Praktikum ABP/modul-10-11-12/2311102169_BenWaizPintusW/FestivalMakanan/vendor/laravel/framework/src/Illuminate/Http/Middleware/ValidatePostSize.php(27): Illuminate/Pipeline/Pipeline->Illuminate/Pipeline/{closure}(Object(Illuminate/Http/Request))
#31 D:/Semester 6/Praktikum ABP/modul-10-11-12/2311102169_BenWaizPintusW/FestivalMakanan/vendor/laravel/framework/src/Illuminate/Pipeline/Pipeline.php(219): Illuminate/Http/Middleware/ValidatePostSize->handle(Object(Illuminate/Http/Request), Object(Closure))
#32 D:/Semester 6/Praktikum ABP/modul-10-11-12/2311102169_BenWaizPintusW/FestivalMakanan/vendor/laravel/framework/src/Illuminate/Foundation/Http/Middleware/PreventRequestsDuringMaintenance.php(109): Illuminate/Pipeline/Pipeline->Illuminate/Pipeline/{closure}(Object(Illuminate/Http/Request))
#33 D:/Semester 6/Praktikum ABP/modul-10-11-12/2311102169_BenWaizPintusW/FestivalMakanan/vendor/laravel/framework/src/Illuminate/Pipeline/Pipeline.php(219): Illuminate/Foundation/Http/Middleware/PreventRequestsDuringMaintenance->handle(Object(Illuminate/Http/Request), Object(Closure))
#34 D:/Semester 6/Praktikum ABP/modul-10-11-12/2311102169_BenWaizPintusW/FestivalMakanan/vendor/laravel/framework/src/Illuminate/Http/Middleware/HandleCors.php(61): Illuminate/Pipeline/Pipeline->Illuminate/Pipeline/{closure}(Object(Illuminate/Http/Request))
#35 D:/Semester 6/Praktikum ABP/modul-10-11-12/2311102169_BenWaizPintusW/FestivalMakanan/vendor/laravel/framework/src/Illuminate/Pipeline/Pipeline.php(219): Illuminate/Http/Middleware/HandleCors->handle(Object(Illuminate/Http/Request), Object(Closure))
#36 D:/Semester 6/Praktikum ABP/modul-10-11-12/2311102169_BenWaizPintusW/FestivalMakanan/vendor/laravel/framework/src/Illuminate/Http/Middleware/TrustProxies.php(58): Illuminate/Pipeline/Pipeline->Illuminate/Pipeline/{closure}(Object(Illuminate/Http/Request))
#37 D:/Semester 6/Praktikum ABP/modul-10-11-12/2311102169_BenWaizPintusW/FestivalMakanan/vendor/laravel/framework/src/Illuminate/Pipeline/Pipeline.php(219): Illuminate/Http/Middleware/TrustProxies->handle(Object(Illuminate/Http/Request), Object(Closure))
#38 D:/Semester 6/Praktikum ABP/modul-10-11-12/2311102169_BenWaizPintusW/FestivalMakanan/vendor/laravel/framework/src/Illuminate/Foundation/Http/Middleware/InvokeDeferredCallbacks.php(22): Illuminate/Pipeline/Pipeline->Illuminate/Pipeline/{closure}(Object(Illuminate/Http/Request))
#39 D:/Semester 6/Praktikum ABP/modul-10-11-12/2311102169_BenWaizPintusW/FestivalMakanan/vendor/laravel/framework/src/Illuminate/Pipeline/Pipeline.php(219): Illuminate/Foundation/Http/Middleware/InvokeDeferredCallbacks->handle(Object(Illuminate/Http/Request), Object(Closure))
#40 D:/Semester 6/Praktikum ABP/modul-10-11-12/2311102169_BenWaizPintusW/FestivalMakanan/vendor/laravel/framework/src/Illuminate/Http/Middleware/ValidatePathEncoding.php(26): Illuminate/Pipeline/Pipeline->Illuminate/Pipeline/{closure}(Object(Illuminate/Http/Request))
#41 D:/Semester 6/Praktikum ABP/modul-10-11-12/2311102169_BenWaizPintusW/FestivalMakanan/vendor/laravel/framework/src/Illuminate/Pipeline/Pipeline.php(219): Illuminate/Http/Middleware/ValidatePathEncoding->handle(Object(Illuminate/Http/Request), Object(Closure))
#42 D:/Semester 6/Praktikum ABP/modul-10-11-12/2311102169_BenWaizPintusW/FestivalMakanan/vendor/laravel/framework/src/Illuminate/Pipeline/Pipeline.php(137): Illuminate/Pipeline/Pipeline->Illuminate/Pipeline/{closure}(Object(Illuminate/Http/Request))
#43 D:/Semester 6/Praktikum ABP/modul-10-11-12/2311102169_BenWaizPintusW/FestivalMakanan/vendor/laravel/framework/src/Illuminate/Foundation/Http/Kernel.php(175): Illuminate/Pipeline/Pipeline->then(Object(Closure))
#44 D:/Semester 6/Praktikum ABP/modul-10-11-12/2311102169_BenWaizPintusW/FestivalMakanan/vendor/laravel/framework/src/Illuminate/Foundation/Http/Kernel.php(144): Illuminate/Foundation/Http/Kernel->sendRequestThroughRouter(Object(Illuminate/Http/Request))
#45 D:/Semester 6/Praktikum ABP/modul-10-11-12/2311102169_BenWaizPintusW/FestivalMakanan/vendor/laravel/framework/src/Illuminate/Foundation/Application.php(1220): Illuminate/Foundation/Http/Kernel->handle(Object(Illuminate/Http/Request))
#46 D:/Semester 6/Praktikum ABP/modul-10-11-12/2311102169_BenWaizPintusW/FestivalMakanan/public/index.php(20): Illuminate/Foundation/Application->handleRequest(Object(Illuminate/Http/Request))
#47 D:/Semester 6/Praktikum ABP/modul-10-11-12/2311102169_BenWaizPintusW/FestivalMakanan/vendor/laravel/framework/src/Illuminate/Foundation/resources/server.php(23): require_once('D://Semester 6//P...')
#48 {main}
"} 
[2026-04-21 12:36:28] local.ERROR: Call to undefined method App\Http\Controllers\ProductController::index() {"exception":"[object] (Error(code: 0): Call to undefined method App\\Http\\Controllers\\ProductController::index() at D:/Semester 6/Praktikum ABP/modul-10-11-12/2311102169_BenWaizPintusW/FestivalMakanan/vendor/laravel/framework/src/Illuminate/Routing/ControllerDispatcher.php:46)
[stacktrace]
#0 D:/Semester 6/Praktikum ABP/modul-10-11-12/2311102169_BenWaizPintusW/FestivalMakanan/vendor/laravel/framework/src/Illuminate/Routing/Route.php(265): Illuminate/Routing/ControllerDispatcher->dispatch(Object(Illuminate/Routing/Route), Object(App/Http/Controllers/ProductController), 'index')
#1 D:/Semester 6/Praktikum ABP/modul-10-11-12/2311102169_BenWaizPintusW/FestivalMakanan/vendor/laravel/framework/src/Illuminate/Routing/Route.php(211): Illuminate/Routing/Route->runController()
#2 D:/Semester 6/Praktikum ABP/modul-10-11-12/2311102169_BenWaizPintusW/FestivalMakanan/vendor/laravel/framework/src/Illuminate/Routing/Router.php(822): Illuminate/Routing/Route->run()
#3 D:/Semester 6/Praktikum ABP/modul-10-11-12/2311102169_BenWaizPintusW/FestivalMakanan/vendor/laravel/framework/src/Illuminate/Pipeline/Pipeline.php(180): Illuminate/Routing/Router->Illuminate/Routing/{closure}(Object(Illuminate/Http/Request))
#4 D:/Semester 6/Praktikum ABP/modul-10-11-12/2311102169_BenWaizPintusW/FestivalMakanan/vendor/laravel/framework/src/Illuminate/Routing/Middleware/SubstituteBindings.php(50): Illuminate/Pipeline/Pipeline->Illuminate/Pipeline/{closure}(Object(Illuminate/Http/Request))
#5 D:/Semester 6/Praktikum ABP/modul-10-11-12/2311102169_BenWaizPintusW/FestivalMakanan/vendor/laravel/framework/src/Illuminate/Pipeline/Pipeline.php(219): Illuminate/Routing/Middleware/SubstituteBindings->handle(Object(Illuminate/Http/Request), Object(Closure))
#6 D:/Semester 6/Praktikum ABP/modul-10-11-12/2311102169_BenWaizPintusW/FestivalMakanan/vendor/laravel/framework/src/Illuminate/Foundation/Http/Middleware/VerifyCsrfToken.php(87): Illuminate/Pipeline/Pipeline->Illuminate/Pipeline/{closure}(Object(Illuminate/Http/Request))
#7 D:/Semester 6/Praktikum ABP/modul-10-11-12/2311102169_BenWaizPintusW/FestivalMakanan/vendor/laravel/framework/src/Illuminate/Pipeline/Pipeline.php(219): Illuminate/Foundation/Http/Middleware/VerifyCsrfToken->handle(Object(Illuminate/Http/Request), Object(Closure))
#8 D:/Semester 6/Praktikum ABP/modul-10-11-12/2311102169_BenWaizPintusW/FestivalMakanan/vendor/laravel/framework/src/Illuminate/View/Middleware/ShareErrorsFromSession.php(48): Illuminate/Pipeline/Pipeline->Illuminate/Pipeline/{closure}(Object(Illuminate/Http/Request))
#9 D:/Semester 6/Praktikum ABP/modul-10-11-12/2311102169_BenWaizPintusW/FestivalMakanan/vendor/laravel/framework/src/Illuminate/Pipeline/Pipeline.php(219): Illuminate/View/Middleware/ShareErrorsFromSession->handle(Object(Illuminate/Http/Request), Object(Closure))
#10 D:/Semester 6/Praktikum ABP/modul-10-11-12/2311102169_BenWaizPintusW/FestivalMakanan/vendor/laravel/framework/src/Illuminate/Session/Middleware/StartSession.php(120): Illuminate/Pipeline/Pipeline->Illuminate/Pipeline/{closure}(Object(Illuminate/Http/Request))
#11 D:/Semester 6/Praktikum ABP/modul-10-11-12/2311102169_BenWaizPintusW/FestivalMakanan/vendor/laravel/framework/src/Illuminate/Session/Middleware/StartSession.php(63): Illuminate/Session/Middleware/StartSession->handleStatefulRequest(Object(Illuminate/Http/Request), Object(Illuminate/Session/Store), Object(Closure))
#12 D:/Semester 6/Praktikum ABP/modul-10-11-12/2311102169_BenWaizPintusW/FestivalMakanan/vendor/laravel/framework/src/Illuminate/Pipeline/Pipeline.php(219): Illuminate/Session/Middleware/StartSession->handle(Object(Illuminate/Http/Request), Object(Closure))
#13 D:/Semester 6/Praktikum ABP/modul-10-11-12/2311102169_BenWaizPintusW/FestivalMakanan/vendor/laravel/framework/src/Illuminate/Cookie/Middleware/AddQueuedCookiesToResponse.php(36): Illuminate/Pipeline/Pipeline->Illuminate/Pipeline/{closure}(Object(Illuminate/Http/Request))
#14 D:/Semester 6/Praktikum ABP/modul-10-11-12/2311102169_BenWaizPintusW/FestivalMakanan/vendor/laravel/framework/src/Illuminate/Pipeline/Pipeline.php(219): Illuminate/Cookie/Middleware/AddQueuedCookiesToResponse->handle(Object(Illuminate/Http/Request), Object(Closure))
#15 D:/Semester 6/Praktikum ABP/modul-10-11-12/2311102169_BenWaizPintusW/FestivalMakanan/vendor/laravel/framework/src/Illuminate/Cookie/Middleware/EncryptCookies.php(74): Illuminate/Pipeline/Pipeline->Illuminate/Pipeline/{closure}(Object(Illuminate/Http/Request))
#16 D:/Semester 6/Praktikum ABP/modul-10-11-12/2311102169_BenWaizPintusW/FestivalMakanan/vendor/laravel/framework/src/Illuminate/Pipeline/Pipeline.php(219): Illuminate/Cookie/Middleware/EncryptCookies->handle(Object(Illuminate/Http/Request), Object(Closure))
#17 D:/Semester 6/Praktikum ABP/modul-10-11-12/2311102169_BenWaizPintusW/FestivalMakanan/vendor/laravel/framework/src/Illuminate/Pipeline/Pipeline.php(137): Illuminate/Pipeline/Pipeline->Illuminate/Pipeline/{closure}(Object(Illuminate/Http/Request))
#18 D:/Semester 6/Praktikum ABP/modul-10-11-12/2311102169_BenWaizPintusW/FestivalMakanan/vendor/laravel/framework/src/Illuminate/Routing/Router.php(821): Illuminate/Pipeline/Pipeline->then(Object(Closure))
#19 D:/Semester 6/Praktikum ABP/modul-10-11-12/2311102169_BenWaizPintusW/FestivalMakanan/vendor/laravel/framework/src/Illuminate/Routing/Router.php(800): Illuminate/Routing/Router->runRouteWithinStack(Object(Illuminate/Routing/Route), Object(Illuminate/Http/Request))
#20 D:/Semester 6/Praktikum ABP/modul-10-11-12/2311102169_BenWaizPintusW/FestivalMakanan/vendor/laravel/framework/src/Illuminate/Routing/Router.php(764): Illuminate/Routing/Router->runRoute(Object(Illuminate/Http/Request), Object(Illuminate/Routing/Route))
#21 D:/Semester 6/Praktikum ABP/modul-10-11-12/2311102169_BenWaizPintusW/FestivalMakanan/vendor/laravel/framework/src/Illuminate/Routing/Router.php(753): Illuminate/Routing/Router->dispatchToRoute(Object(Illuminate/Http/Request))
#22 D:/Semester 6/Praktikum ABP/modul-10-11-12/2311102169_BenWaizPintusW/FestivalMakanan/vendor/laravel/framework/src/Illuminate/Foundation/Http/Kernel.php(200): Illuminate/Routing/Router->dispatch(Object(Illuminate/Http/Request))
#23 D:/Semester 6/Praktikum ABP/modul-10-11-12/2311102169_BenWaizPintusW/FestivalMakanan/vendor/laravel/framework/src/Illuminate/Pipeline/Pipeline.php(180): Illuminate/Foundation/Http/Kernel->Illuminate/Foundation/Http/{closure}(Object(Illuminate/Http/Request))
#24 D:/Semester 6/Praktikum ABP/modul-10-11-12/2311102169_BenWaizPintusW/FestivalMakanan/vendor/laravel/framework/src/Illuminate/Foundation/Http/Middleware/TransformsRequest.php(21): Illuminate/Pipeline/Pipeline->Illuminate/Pipeline/{closure}(Object(Illuminate/Http/Request))
#25 D:/Semester 6/Praktikum ABP/modul-10-11-12/2311102169_BenWaizPintusW/FestivalMakanan/vendor/laravel/framework/src/Illuminate/Foundation/Http/Middleware/ConvertEmptyStringsToNull.php(31): Illuminate/Foundation/Http/Middleware/TransformsRequest->handle(Object(Illuminate/Http/Request), Object(Closure))
#26 D:/Semester 6/Praktikum ABP/modul-10-11-12/2311102169_BenWaizPintusW/FestivalMakanan/vendor/laravel/framework/src/Illuminate/Pipeline/Pipeline.php(219): Illuminate/Foundation/Http/Middleware/ConvertEmptyStringsToNull->handle(Object(Illuminate/Http/Request), Object(Closure))
#27 D:/Semester 6/Praktikum ABP/modul-10-11-12/2311102169_BenWaizPintusW/FestivalMakanan/vendor/laravel/framework/src/Illuminate/Foundation/Http/Middleware/TransformsRequest.php(21): Illuminate/Pipeline/Pipeline->Illuminate/Pipeline/{closure}(Object(Illuminate/Http/Request))
#28 D:/Semester 6/Praktikum ABP/modul-10-11-12/2311102169_BenWaizPintusW/FestivalMakanan/vendor/laravel/framework/src/Illuminate/Foundation/Http/Middleware/TrimStrings.php(51): Illuminate/Foundation/Http/Middleware/TransformsRequest->handle(Object(Illuminate/Http/Request), Object(Closure))
#29 D:/Semester 6/Praktikum ABP/modul-10-11-12/2311102169_BenWaizPintusW/FestivalMakanan/vendor/laravel/framework/src/Illuminate/Pipeline/Pipeline.php(219): Illuminate/Foundation/Http/Middleware/TrimStrings->handle(Object(Illuminate/Http/Request), Object(Closure))
#30 D:/Semester 6/Praktikum ABP/modul-10-11-12/2311102169_BenWaizPintusW/FestivalMakanan/vendor/laravel/framework/src/Illuminate/Http/Middleware/ValidatePostSize.php(27): Illuminate/Pipeline/Pipeline->Illuminate/Pipeline/{closure}(Object(Illuminate/Http/Request))
#31 D:/Semester 6/Praktikum ABP/modul-10-11-12/2311102169_BenWaizPintusW/FestivalMakanan/vendor/laravel/framework/src/Illuminate/Pipeline/Pipeline.php(219): Illuminate/Http/Middleware/ValidatePostSize->handle(Object(Illuminate/Http/Request), Object(Closure))
#32 D:/Semester 6/Praktikum ABP/modul-10-11-12/2311102169_BenWaizPintusW/FestivalMakanan/vendor/laravel/framework/src/Illuminate/Foundation/Http/Middleware/PreventRequestsDuringMaintenance.php(109): Illuminate/Pipeline/Pipeline->Illuminate/Pipeline/{closure}(Object(Illuminate/Http/Request))
#33 D:/Semester 6/Praktikum ABP/modul-10-11-12/2311102169_BenWaizPintusW/FestivalMakanan/vendor/laravel/framework/src/Illuminate/Pipeline/Pipeline.php(219): Illuminate/Foundation/Http/Middleware/PreventRequestsDuringMaintenance->handle(Object(Illuminate/Http/Request), Object(Closure))
#34 D:/Semester 6/Praktikum ABP/modul-10-11-12/2311102169_BenWaizPintusW/FestivalMakanan/vendor/laravel/framework/src/Illuminate/Http/Middleware/HandleCors.php(61): Illuminate/Pipeline/Pipeline->Illuminate/Pipeline/{closure}(Object(Illuminate/Http/Request))
#35 D:/Semester 6/Praktikum ABP/modul-10-11-12/2311102169_BenWaizPintusW/FestivalMakanan/vendor/laravel/framework/src/Illuminate/Pipeline/Pipeline.php(219): Illuminate/Http/Middleware/HandleCors->handle(Object(Illuminate/Http/Request), Object(Closure))
#36 D:/Semester 6/Praktikum ABP/modul-10-11-12/2311102169_BenWaizPintusW/FestivalMakanan/vendor/laravel/framework/src/Illuminate/Http/Middleware/TrustProxies.php(58): Illuminate/Pipeline/Pipeline->Illuminate/Pipeline/{closure}(Object(Illuminate/Http/Request))
#37 D:/Semester 6/Praktikum ABP/modul-10-11-12/2311102169_BenWaizPintusW/FestivalMakanan/vendor/laravel/framework/src/Illuminate/Pipeline/Pipeline.php(219): Illuminate/Http/Middleware/TrustProxies->handle(Object(Illuminate/Http/Request), Object(Closure))
#38 D:/Semester 6/Praktikum ABP/modul-10-11-12/2311102169_BenWaizPintusW/FestivalMakanan/vendor/laravel/framework/src/Illuminate/Foundation/Http/Middleware/InvokeDeferredCallbacks.php(22): Illuminate/Pipeline/Pipeline->Illuminate/Pipeline/{closure}(Object(Illuminate/Http/Request))
#39 D:/Semester 6/Praktikum ABP/modul-10-11-12/2311102169_BenWaizPintusW/FestivalMakanan/vendor/laravel/framework/src/Illuminate/Pipeline/Pipeline.php(219): Illuminate/Foundation/Http/Middleware/InvokeDeferredCallbacks->handle(Object(Illuminate/Http/Request), Object(Closure))
#40 D:/Semester 6/Praktikum ABP/modul-10-11-12/2311102169_BenWaizPintusW/FestivalMakanan/vendor/laravel/framework/src/Illuminate/Http/Middleware/ValidatePathEncoding.php(26): Illuminate/Pipeline/Pipeline->Illuminate/Pipeline/{closure}(Object(Illuminate/Http/Request))
#41 D:/Semester 6/Praktikum ABP/modul-10-11-12/2311102169_BenWaizPintusW/FestivalMakanan/vendor/laravel/framework/src/Illuminate/Pipeline/Pipeline.php(219): Illuminate/Http/Middleware/ValidatePathEncoding->handle(Object(Illuminate/Http/Request), Object(Closure))
#42 D:/Semester 6/Praktikum ABP/modul-10-11-12/2311102169_BenWaizPintusW/FestivalMakanan/vendor/laravel/framework/src/Illuminate/Pipeline/Pipeline.php(137): Illuminate/Pipeline/Pipeline->Illuminate/Pipeline/{closure}(Object(Illuminate/Http/Request))
#43 D:/Semester 6/Praktikum ABP/modul-10-11-12/2311102169_BenWaizPintusW/FestivalMakanan/vendor/laravel/framework/src/Illuminate/Foundation/Http/Kernel.php(175): Illuminate/Pipeline/Pipeline->then(Object(Closure))
#44 D:/Semester 6/Praktikum ABP/modul-10-11-12/2311102169_BenWaizPintusW/FestivalMakanan/vendor/laravel/framework/src/Illuminate/Foundation/Http/Kernel.php(144): Illuminate/Foundation/Http/Kernel->sendRequestThroughRouter(Object(Illuminate/Http/Request))
#45 D:/Semester 6/Praktikum ABP/modul-10-11-12/2311102169_BenWaizPintusW/FestivalMakanan/vendor/laravel/framework/src/Illuminate/Foundation/Application.php(1220): Illuminate/Foundation/Http/Kernel->handle(Object(Illuminate/Http/Request))
#46 D:/Semester 6/Praktikum ABP/modul-10-11-12/2311102169_BenWaizPintusW/FestivalMakanan/public/index.php(20): Illuminate/Foundation/Application->handleRequest(Object(Illuminate/Http/Request))
#47 D:/Semester 6/Praktikum ABP/modul-10-11-12/2311102169_BenWaizPintusW/FestivalMakanan/vendor/laravel/framework/src/Illuminate/Foundation/resources/server.php(23): require_once('D://Semester 6//P...')
#48 {main}
"} 
[2026-04-21 12:49:56] local.ERROR: SQLSTATE[42S22]: Column not found: 1054 Unknown column 'name' in 'field list' (Connection: mysql, Host: 127.0.0.1, Port: 3307, Database: festival_makanan, SQL: insert into `products` (`name`, `description`, `price`, `image`, `updated_at`, `created_at`) values (Signature Beef Grill, Daging sapi pilihan dengan saus rahasia Mas Jakobi., 85000, beef.jpg, 2026-04-21 12:49:56, 2026-04-21 12:49:56)) {"exception":"[object] (Illuminate\\Database\\QueryException(code: 42S22): SQLSTATE[42S22]: Column not found: 1054 Unknown column 'name' in 'field list' (Connection: mysql, Host: 127.0.0.1, Port: 3307, Database: festival_makanan, SQL: insert into `products` (`name`, `description`, `price`, `image`, `updated_at`, `created_at`) values (Signature Beef Grill, Daging sapi pilihan dengan saus rahasia Mas Jakobi., 85000, beef.jpg, 2026-04-21 12:49:56, 2026-04-21 12:49:56)) at D:/Semester 6/Praktikum ABP/modul-10-11-12/2311102169_BenWaizPintusW/FestivalMakanan/vendor/laravel/framework/src/Illuminate/Database/Connection.php:838)
[stacktrace]
#0 D:/Semester 6/Praktikum ABP/modul-10-11-12/2311102169_BenWaizPintusW/FestivalMakanan/vendor/laravel/framework/src/Illuminate/Database/Connection.php(794): Illuminate/Database/Connection->runQueryCallback('insert into `pr...', Array, Object(Closure))
#1 D:/Semester 6/Praktikum ABP/modul-10-11-12/2311102169_BenWaizPintusW/FestivalMakanan/vendor/laravel/framework/src/Illuminate/Database/MySqlConnection.php(42): Illuminate/Database/Connection->run('insert into `pr...', Array, Object(Closure))
#2 D:/Semester 6/Praktikum ABP/modul-10-11-12/2311102169_BenWaizPintusW/FestivalMakanan/vendor/laravel/framework/src/Illuminate/Database/Query/Processors/MySqlProcessor.php(35): Illuminate/Database/MySqlConnection->insert('insert into `pr...', Array, 'id')
#3 D:/Semester 6/Praktikum ABP/modul-10-11-12/2311102169_BenWaizPintusW/FestivalMakanan/vendor/laravel/framework/src/Illuminate/Database/Query/Builder.php(4170): Illuminate/Database/Query/Processors/MySqlProcessor->processInsertGetId(Object(Illuminate/Database/Query/Builder), 'insert into `pr...', Array, 'id')
#4 D:/Semester 6/Praktikum ABP/modul-10-11-12/2311102169_BenWaizPintusW/FestivalMakanan/vendor/laravel/framework/src/Illuminate/Database/Eloquent/Builder.php(2237): Illuminate/Database/Query/Builder->insertGetId(Array, 'id')
#5 D:/Semester 6/Praktikum ABP/modul-10-11-12/2311102169_BenWaizPintusW/FestivalMakanan/vendor/laravel/framework/src/Illuminate/Database/Eloquent/Model.php(1436): Illuminate/Database/Eloquent/Builder->__call('insertGetId', Array)
#6 D:/Semester 6/Praktikum ABP/modul-10-11-12/2311102169_BenWaizPintusW/FestivalMakanan/vendor/laravel/framework/src/Illuminate/Database/Eloquent/Model.php(1401): Illuminate/Database/Eloquent/Model->insertAndSetId(Object(Illuminate/Database/Eloquent/Builder), Array)
#7 D:/Semester 6/Praktikum ABP/modul-10-11-12/2311102169_BenWaizPintusW/FestivalMakanan/vendor/laravel/framework/src/Illuminate/Database/Eloquent/Model.php(1240): Illuminate/Database/Eloquent/Model->performInsert(Object(Illuminate/Database/Eloquent/Builder))
#8 D:/Semester 6/Praktikum ABP/modul-10-11-12/2311102169_BenWaizPintusW/FestivalMakanan/vendor/laravel/framework/src/Illuminate/Database/Eloquent/Builder.php(1219): Illuminate/Database/Eloquent/Model->save()
#9 D:/Semester 6/Praktikum ABP/modul-10-11-12/2311102169_BenWaizPintusW/FestivalMakanan/vendor/laravel/framework/src/Illuminate/Support/helpers.php(393): Illuminate/Database/Eloquent/Builder->Illuminate/Database/Eloquent/{closure}(Object(App/Models/Product))
#10 D:/Semester 6/Praktikum ABP/modul-10-11-12/2311102169_BenWaizPintusW/FestivalMakanan/vendor/laravel/framework/src/Illuminate/Database/Eloquent/Builder.php(1218): tap(Object(App/Models/Product), Object(Closure))
#11 D:/Semester 6/Praktikum ABP/modul-10-11-12/2311102169_BenWaizPintusW/FestivalMakanan/vendor/laravel/framework/src/Illuminate/Support/Traits/ForwardsCalls.php(23): Illuminate/Database/Eloquent/Builder->create(Array)
#12 D:/Semester 6/Praktikum ABP/modul-10-11-12/2311102169_BenWaizPintusW/FestivalMakanan/vendor/laravel/framework/src/Illuminate/Database/Eloquent/Model.php(2540): Illuminate/Database/Eloquent/Model->forwardCallTo(Object(Illuminate/Database/Eloquent/Builder), 'create', Array)
#13 D:/Semester 6/Praktikum ABP/modul-10-11-12/2311102169_BenWaizPintusW/FestivalMakanan/vendor/laravel/framework/src/Illuminate/Database/Eloquent/Model.php(2556): Illuminate/Database/Eloquent/Model->__call('create', Array)
#14 D:/Semester 6/Praktikum ABP/modul-10-11-12/2311102169_BenWaizPintusW/FestivalMakanan/database/seeders/ProductSeeder.php(12): Illuminate/Database/Eloquent/Model::__callStatic('create', Array)
#15 D:/Semester 6/Praktikum ABP/modul-10-11-12/2311102169_BenWaizPintusW/FestivalMakanan/vendor/laravel/framework/src/Illuminate/Container/BoundMethod.php(36): Database/Seeders/ProductSeeder->run()
#16 D:/Semester 6/Praktikum ABP/modul-10-11-12/2311102169_BenWaizPintusW/FestivalMakanan/vendor/laravel/framework/src/Illuminate/Container/Util.php(43): Illuminate/Container/BoundMethod::Illuminate/Container/{closure}()
#17 D:/Semester 6/Praktikum ABP/modul-10-11-12/2311102169_BenWaizPintusW/FestivalMakanan/vendor/laravel/framework/src/Illuminate/Container/BoundMethod.php(96): Illuminate/Container/Util::unwrapIfClosure(Object(Closure))
#18 D:/Semester 6/Praktikum ABP/modul-10-11-12/2311102169_BenWaizPintusW/FestivalMakanan/vendor/laravel/framework/src/Illuminate/Container/BoundMethod.php(35): Illuminate/Container/BoundMethod::callBoundMethod(Object(Illuminate/Foundation/Application), Array, Object(Closure))
#19 D:/Semester 6/Praktikum ABP/modul-10-11-12/2311102169_BenWaizPintusW/FestivalMakanan/vendor/laravel/framework/src/Illuminate/Container/Container.php(799): Illuminate/Container/BoundMethod::call(Object(Illuminate/Foundation/Application), Array, Array, NULL)
#20 D:/Semester 6/Praktikum ABP/modul-10-11-12/2311102169_BenWaizPintusW/FestivalMakanan/vendor/laravel/framework/src/Illuminate/Database/Seeder.php(184): Illuminate/Container/Container->call(Array, Array)
#21 D:/Semester 6/Praktikum ABP/modul-10-11-12/2311102169_BenWaizPintusW/FestivalMakanan/vendor/laravel/framework/src/Illuminate/Database/Seeder.php(193): Illuminate/Database/Seeder->Illuminate/Database/{closure}()
#22 D:/Semester 6/Praktikum ABP/modul-10-11-12/2311102169_BenWaizPintusW/FestivalMakanan/vendor/laravel/framework/src/Illuminate/Database/Console/Seeds/SeedCommand.php(71): Illuminate/Database/Seeder->__invoke()
#23 D:/Semester 6/Praktikum ABP/modul-10-11-12/2311102169_BenWaizPintusW/FestivalMakanan/vendor/laravel/framework/src/Illuminate/Database/Eloquent/Concerns/GuardsAttributes.php(157): Illuminate/Database/Console/Seeds/SeedCommand->Illuminate/Database/Console/Seeds/{closure}()
#24 D:/Semester 6/Praktikum ABP/modul-10-11-12/2311102169_BenWaizPintusW/FestivalMakanan/vendor/laravel/framework/src/Illuminate/Database/Console/Seeds/SeedCommand.php(70): Illuminate/Database/Eloquent/Model::unguarded(Object(Closure))
#25 D:/Semester 6/Praktikum ABP/modul-10-11-12/2311102169_BenWaizPintusW/FestivalMakanan/vendor/laravel/framework/src/Illuminate/Container/BoundMethod.php(36): Illuminate/Database/Console/Seeds/SeedCommand->handle()
#26 D:/Semester 6/Praktikum ABP/modul-10-11-12/2311102169_BenWaizPintusW/FestivalMakanan/vendor/laravel/framework/src/Illuminate/Container/Util.php(43): Illuminate/Container/BoundMethod::Illuminate/Container/{closure}()
#27 D:/Semester 6/Praktikum ABP/modul-10-11-12/2311102169_BenWaizPintusW/FestivalMakanan/vendor/laravel/framework/src/Illuminate/Container/BoundMethod.php(96): Illuminate/Container/Util::unwrapIfClosure(Object(Closure))
#28 D:/Semester 6/Praktikum ABP/modul-10-11-12/2311102169_BenWaizPintusW/FestivalMakanan/vendor/laravel/framework/src/Illuminate/Container/BoundMethod.php(35): Illuminate/Container/BoundMethod::callBoundMethod(Object(Illuminate/Foundation/Application), Array, Object(Closure))
#29 D:/Semester 6/Praktikum ABP/modul-10-11-12/2311102169_BenWaizPintusW/FestivalMakanan/vendor/laravel/framework/src/Illuminate/Container/Container.php(799): Illuminate/Container/BoundMethod::call(Object(Illuminate/Foundation/Application), Array, Array, NULL)
#30 D:/Semester 6/Praktikum ABP/modul-10-11-12/2311102169_BenWaizPintusW/FestivalMakanan/vendor/laravel/framework/src/Illuminate/Console/Command.php(211): Illuminate/Container/Container->call(Array)
#31 D:/Semester 6/Praktikum ABP/modul-10-11-12/2311102169_BenWaizPintusW/FestivalMakanan/vendor/symfony/console/Command/Command.php(341): Illuminate/Console/Command->execute(Object(Symfony/Component/Console/Input/ArgvInput), Object(Illuminate/Console/OutputStyle))
#32 D:/Semester 6/Praktikum ABP/modul-10-11-12/2311102169_BenWaizPintusW/FestivalMakanan/vendor/laravel/framework/src/Illuminate/Console/Command.php(180): Symfony/Component/Console/Command/Command->run(Object(Symfony/Component/Console/Input/ArgvInput), Object(Illuminate/Console/OutputStyle))
#33 D:/Semester 6/Praktikum ABP/modul-10-11-12/2311102169_BenWaizPintusW/FestivalMakanan/vendor/symfony/console/Application.php(1117): Illuminate/Console/Command->run(Object(Symfony/Component/Console/Input/ArgvInput), Object(Symfony/Component/Console/Output/ConsoleOutput))
#34 D:/Semester 6/Praktikum ABP/modul-10-11-12/2311102169_BenWaizPintusW/FestivalMakanan/vendor/symfony/console/Application.php(356): Symfony/Component/Console/Application->doRunCommand(Object(Illuminate/Database/Console/Seeds/SeedCommand), Object(Symfony/Component/Console/Input/ArgvInput), Object(Symfony/Component/Console/Output/ConsoleOutput))
#35 D:/Semester 6/Praktikum ABP/modul-10-11-12/2311102169_BenWaizPintusW/FestivalMakanan/vendor/symfony/console/Application.php(195): Symfony/Component/Console/Application->doRun(Object(Symfony/Component/Console/Input/ArgvInput), Object(Symfony/Component/Console/Output/ConsoleOutput))
#36 D:/Semester 6/Praktikum ABP/modul-10-11-12/2311102169_BenWaizPintusW/FestivalMakanan/vendor/laravel/framework/src/Illuminate/Foundation/Console/Kernel.php(198): Symfony/Component/Console/Application->run(Object(Symfony/Component/Console/Input/ArgvInput), Object(Symfony/Component/Console/Output/ConsoleOutput))
#37 D:/Semester 6/Praktikum ABP/modul-10-11-12/2311102169_BenWaizPintusW/FestivalMakanan/vendor/laravel/framework/src/Illuminate/Foundation/Application.php(1235): Illuminate/Foundation/Console/Kernel->handle(Object(Symfony/Component/Console/Input/ArgvInput), Object(Symfony/Component/Console/Output/ConsoleOutput))
#38 D:/Semester 6/Praktikum ABP/modul-10-11-12/2311102169_BenWaizPintusW/FestivalMakanan/artisan(16): Illuminate/Foundation/Application->handleCommand(Object(Symfony/Component/Console/Input/ArgvInput))
#39 {main}

[previous exception] [object] (PDOException(code: 42S22): SQLSTATE[42S22]: Column not found: 1054 Unknown column 'name' in 'field list' at D:/Semester 6/Praktikum ABP/modul-10-11-12/2311102169_BenWaizPintusW/FestivalMakanan/vendor/laravel/framework/src/Illuminate/Database/MySqlConnection.php:47)
[stacktrace]
#0 D:/Semester 6/Praktikum ABP/modul-10-11-12/2311102169_BenWaizPintusW/FestivalMakanan/vendor/laravel/framework/src/Illuminate/Database/MySqlConnection.php(47): PDO->prepare('insert into `pr...')
#1 D:/Semester 6/Praktikum ABP/modul-10-11-12/2311102169_BenWaizPintusW/FestivalMakanan/vendor/laravel/framework/src/Illuminate/Database/Connection.php(827): Illuminate/Database/MySqlConnection->Illuminate/Database/{closure}('insert into `pr...', Array)
#2 D:/Semester 6/Praktikum ABP/modul-10-11-12/2311102169_BenWaizPintusW/FestivalMakanan/vendor/laravel/framework/src/Illuminate/Database/Connection.php(794): Illuminate/Database/Connection->runQueryCallback('insert into `pr...', Array, Object(Closure))
#3 D:/Semester 6/Praktikum ABP/modul-10-11-12/2311102169_BenWaizPintusW/FestivalMakanan/vendor/laravel/framework/src/Illuminate/Database/MySqlConnection.php(42): Illuminate/Database/Connection->run('insert into `pr...', Array, Object(Closure))
#4 D:/Semester 6/Praktikum ABP/modul-10-11-12/2311102169_BenWaizPintusW/FestivalMakanan/vendor/laravel/framework/src/Illuminate/Database/Query/Processors/MySqlProcessor.php(35): Illuminate/Database/MySqlConnection->insert('insert into `pr...', Array, 'id')
#5 D:/Semester 6/Praktikum ABP/modul-10-11-12/2311102169_BenWaizPintusW/FestivalMakanan/vendor/laravel/framework/src/Illuminate/Database/Query/Builder.php(4170): Illuminate/Database/Query/Processors/MySqlProcessor->processInsertGetId(Object(Illuminate/Database/Query/Builder), 'insert into `pr...', Array, 'id')
#6 D:/Semester 6/Praktikum ABP/modul-10-11-12/2311102169_BenWaizPintusW/FestivalMakanan/vendor/laravel/framework/src/Illuminate/Database/Eloquent/Builder.php(2237): Illuminate/Database/Query/Builder->insertGetId(Array, 'id')
#7 D:/Semester 6/Praktikum ABP/modul-10-11-12/2311102169_BenWaizPintusW/FestivalMakanan/vendor/laravel/framework/src/Illuminate/Database/Eloquent/Model.php(1436): Illuminate/Database/Eloquent/Builder->__call('insertGetId', Array)
#8 D:/Semester 6/Praktikum ABP/modul-10-11-12/2311102169_BenWaizPintusW/FestivalMakanan/vendor/laravel/framework/src/Illuminate/Database/Eloquent/Model.php(1401): Illuminate/Database/Eloquent/Model->insertAndSetId(Object(Illuminate/Database/Eloquent/Builder), Array)
#9 D:/Semester 6/Praktikum ABP/modul-10-11-12/2311102169_BenWaizPintusW/FestivalMakanan/vendor/laravel/framework/src/Illuminate/Database/Eloquent/Model.php(1240): Illuminate/Database/Eloquent/Model->performInsert(Object(Illuminate/Database/Eloquent/Builder))
#10 D:/Semester 6/Praktikum ABP/modul-10-11-12/2311102169_BenWaizPintusW/FestivalMakanan/vendor/laravel/framework/src/Illuminate/Database/Eloquent/Builder.php(1219): Illuminate/Database/Eloquent/Model->save()
#11 D:/Semester 6/Praktikum ABP/modul-10-11-12/2311102169_BenWaizPintusW/FestivalMakanan/vendor/laravel/framework/src/Illuminate/Support/helpers.php(393): Illuminate/Database/Eloquent/Builder->Illuminate/Database/Eloquent/{closure}(Object(App/Models/Product))
#12 D:/Semester 6/Praktikum ABP/modul-10-11-12/2311102169_BenWaizPintusW/FestivalMakanan/vendor/laravel/framework/src/Illuminate/Database/Eloquent/Builder.php(1218): tap(Object(App/Models/Product), Object(Closure))
#13 D:/Semester 6/Praktikum ABP/modul-10-11-12/2311102169_BenWaizPintusW/FestivalMakanan/vendor/laravel/framework/src/Illuminate/Support/Traits/ForwardsCalls.php(23): Illuminate/Database/Eloquent/Builder->create(Array)
#14 D:/Semester 6/Praktikum ABP/modul-10-11-12/2311102169_BenWaizPintusW/FestivalMakanan/vendor/laravel/framework/src/Illuminate/Database/Eloquent/Model.php(2540): Illuminate/Database/Eloquent/Model->forwardCallTo(Object(Illuminate/Database/Eloquent/Builder), 'create', Array)
#15 D:/Semester 6/Praktikum ABP/modul-10-11-12/2311102169_BenWaizPintusW/FestivalMakanan/vendor/laravel/framework/src/Illuminate/Database/Eloquent/Model.php(2556): Illuminate/Database/Eloquent/Model->__call('create', Array)
#16 D:/Semester 6/Praktikum ABP/modul-10-11-12/2311102169_BenWaizPintusW/FestivalMakanan/database/seeders/ProductSeeder.php(12): Illuminate/Database/Eloquent/Model::__callStatic('create', Array)
#17 D:/Semester 6/Praktikum ABP/modul-10-11-12/2311102169_BenWaizPintusW/FestivalMakanan/vendor/laravel/framework/src/Illuminate/Container/BoundMethod.php(36): Database/Seeders/ProductSeeder->run()
#18 D:/Semester 6/Praktikum ABP/modul-10-11-12/2311102169_BenWaizPintusW/FestivalMakanan/vendor/laravel/framework/src/Illuminate/Container/Util.php(43): Illuminate/Container/BoundMethod::Illuminate/Container/{closure}()
#19 D:/Semester 6/Praktikum ABP/modul-10-11-12/2311102169_BenWaizPintusW/FestivalMakanan/vendor/laravel/framework/src/Illuminate/Container/BoundMethod.php(96): Illuminate/Container/Util::unwrapIfClosure(Object(Closure))
#20 D:/Semester 6/Praktikum ABP/modul-10-11-12/2311102169_BenWaizPintusW/FestivalMakanan/vendor/laravel/framework/src/Illuminate/Container/BoundMethod.php(35): Illuminate/Container/BoundMethod::callBoundMethod(Object(Illuminate/Foundation/Application), Array, Object(Closure))
#21 D:/Semester 6/Praktikum ABP/modul-10-11-12/2311102169_BenWaizPintusW/FestivalMakanan/vendor/laravel/framework/src/Illuminate/Container/Container.php(799): Illuminate/Container/BoundMethod::call(Object(Illuminate/Foundation/Application), Array, Array, NULL)
#22 D:/Semester 6/Praktikum ABP/modul-10-11-12/2311102169_BenWaizPintusW/FestivalMakanan/vendor/laravel/framework/src/Illuminate/Database/Seeder.php(184): Illuminate/Container/Container->call(Array, Array)
#23 D:/Semester 6/Praktikum ABP/modul-10-11-12/2311102169_BenWaizPintusW/FestivalMakanan/vendor/laravel/framework/src/Illuminate/Database/Seeder.php(193): Illuminate/Database/Seeder->Illuminate/Database/{closure}()
#24 D:/Semester 6/Praktikum ABP/modul-10-11-12/2311102169_BenWaizPintusW/FestivalMakanan/vendor/laravel/framework/src/Illuminate/Database/Console/Seeds/SeedCommand.php(71): Illuminate/Database/Seeder->__invoke()
#25 D:/Semester 6/Praktikum ABP/modul-10-11-12/2311102169_BenWaizPintusW/FestivalMakanan/vendor/laravel/framework/src/Illuminate/Database/Eloquent/Concerns/GuardsAttributes.php(157): Illuminate/Database/Console/Seeds/SeedCommand->Illuminate/Database/Console/Seeds/{closure}()
#26 D:/Semester 6/Praktikum ABP/modul-10-11-12/2311102169_BenWaizPintusW/FestivalMakanan/vendor/laravel/framework/src/Illuminate/Database/Console/Seeds/SeedCommand.php(70): Illuminate/Database/Eloquent/Model::unguarded(Object(Closure))
#27 D:/Semester 6/Praktikum ABP/modul-10-11-12/2311102169_BenWaizPintusW/FestivalMakanan/vendor/laravel/framework/src/Illuminate/Container/BoundMethod.php(36): Illuminate/Database/Console/Seeds/SeedCommand->handle()
#28 D:/Semester 6/Praktikum ABP/modul-10-11-12/2311102169_BenWaizPintusW/FestivalMakanan/vendor/laravel/framework/src/Illuminate/Container/Util.php(43): Illuminate/Container/BoundMethod::Illuminate/Container/{closure}()
#29 D:/Semester 6/Praktikum ABP/modul-10-11-12/2311102169_BenWaizPintusW/FestivalMakanan/vendor/laravel/framework/src/Illuminate/Container/BoundMethod.php(96): Illuminate/Container/Util::unwrapIfClosure(Object(Closure))
#30 D:/Semester 6/Praktikum ABP/modul-10-11-12/2311102169_BenWaizPintusW/FestivalMakanan/vendor/laravel/framework/src/Illuminate/Container/BoundMethod.php(35): Illuminate/Container/BoundMethod::callBoundMethod(Object(Illuminate/Foundation/Application), Array, Object(Closure))
#31 D:/Semester 6/Praktikum ABP/modul-10-11-12/2311102169_BenWaizPintusW/FestivalMakanan/vendor/laravel/framework/src/Illuminate/Container/Container.php(799): Illuminate/Container/BoundMethod::call(Object(Illuminate/Foundation/Application), Array, Array, NULL)
#32 D:/Semester 6/Praktikum ABP/modul-10-11-12/2311102169_BenWaizPintusW/FestivalMakanan/vendor/laravel/framework/src/Illuminate/Console/Command.php(211): Illuminate/Container/Container->call(Array)
#33 D:/Semester 6/Praktikum ABP/modul-10-11-12/2311102169_BenWaizPintusW/FestivalMakanan/vendor/symfony/console/Command/Command.php(341): Illuminate/Console/Command->execute(Object(Symfony/Component/Console/Input/ArgvInput), Object(Illuminate/Console/OutputStyle))
#34 D:/Semester 6/Praktikum ABP/modul-10-11-12/2311102169_BenWaizPintusW/FestivalMakanan/vendor/laravel/framework/src/Illuminate/Console/Command.php(180): Symfony/Component/Console/Command/Command->run(Object(Symfony/Component/Console/Input/ArgvInput), Object(Illuminate/Console/OutputStyle))
#35 D:/Semester 6/Praktikum ABP/modul-10-11-12/2311102169_BenWaizPintusW/FestivalMakanan/vendor/symfony/console/Application.php(1117): Illuminate/Console/Command->run(Object(Symfony/Component/Console/Input/ArgvInput), Object(Symfony/Component/Console/Output/ConsoleOutput))
#36 D:/Semester 6/Praktikum ABP/modul-10-11-12/2311102169_BenWaizPintusW/FestivalMakanan/vendor/symfony/console/Application.php(356): Symfony/Component/Console/Application->doRunCommand(Object(Illuminate/Database/Console/Seeds/SeedCommand), Object(Symfony/Component/Console/Input/ArgvInput), Object(Symfony/Component/Console/Output/ConsoleOutput))
#37 D:/Semester 6/Praktikum ABP/modul-10-11-12/2311102169_BenWaizPintusW/FestivalMakanan/vendor/symfony/console/Application.php(195): Symfony/Component/Console/Application->doRun(Object(Symfony/Component/Console/Input/ArgvInput), Object(Symfony/Component/Console/Output/ConsoleOutput))
#38 D:/Semester 6/Praktikum ABP/modul-10-11-12/2311102169_BenWaizPintusW/FestivalMakanan/vendor/laravel/framework/src/Illuminate/Foundation/Console/Kernel.php(198): Symfony/Component/Console/Application->run(Object(Symfony/Component/Console/Input/ArgvInput), Object(Symfony/Component/Console/Output/ConsoleOutput))
#39 D:/Semester 6/Praktikum ABP/modul-10-11-12/2311102169_BenWaizPintusW/FestivalMakanan/vendor/laravel/framework/src/Illuminate/Foundation/Application.php(1235): Illuminate/Foundation/Console/Kernel->handle(Object(Symfony/Component/Console/Input/ArgvInput), Object(Symfony/Component/Console/Output/ConsoleOutput))
#40 D:/Semester 6/Praktikum ABP/modul-10-11-12/2311102169_BenWaizPintusW/FestivalMakanan/artisan(16): Illuminate/Foundation/Application->handleCommand(Object(Symfony/Component/Console/Input/ArgvInput))
#41 {main}
"} 
[2026-04-21 12:53:34] local.ERROR: SQLSTATE[42S22]: Column not found: 1054 Unknown column 'name' in 'field list' (Connection: mysql, Host: 127.0.0.1, Port: 3307, Database: festival_makanan, SQL: insert into `products` (`name`, `description`, `price`, `image`, `updated_at`, `created_at`) values (Signature Beef Grill, Daging sapi pilihan dengan saus rahasia Mas Jakobi., 85000, beef.jpg, 2026-04-21 12:53:34, 2026-04-21 12:53:34)) {"exception":"[object] (Illuminate\\Database\\QueryException(code: 42S22): SQLSTATE[42S22]: Column not found: 1054 Unknown column 'name' in 'field list' (Connection: mysql, Host: 127.0.0.1, Port: 3307, Database: festival_makanan, SQL: insert into `products` (`name`, `description`, `price`, `image`, `updated_at`, `created_at`) values (Signature Beef Grill, Daging sapi pilihan dengan saus rahasia Mas Jakobi., 85000, beef.jpg, 2026-04-21 12:53:34, 2026-04-21 12:53:34)) at D:/Semester 6/Praktikum ABP/modul-10-11-12/2311102169_BenWaizPintusW/FestivalMakanan/vendor/laravel/framework/src/Illuminate/Database/Connection.php:838)
[stacktrace]
#0 D:/Semester 6/Praktikum ABP/modul-10-11-12/2311102169_BenWaizPintusW/FestivalMakanan/vendor/laravel/framework/src/Illuminate/Database/Connection.php(794): Illuminate/Database/Connection->runQueryCallback('insert into `pr...', Array, Object(Closure))
#1 D:/Semester 6/Praktikum ABP/modul-10-11-12/2311102169_BenWaizPintusW/FestivalMakanan/vendor/laravel/framework/src/Illuminate/Database/MySqlConnection.php(42): Illuminate/Database/Connection->run('insert into `pr...', Array, Object(Closure))
#2 D:/Semester 6/Praktikum ABP/modul-10-11-12/2311102169_BenWaizPintusW/FestivalMakanan/vendor/laravel/framework/src/Illuminate/Database/Query/Processors/MySqlProcessor.php(35): Illuminate/Database/MySqlConnection->insert('insert into `pr...', Array, 'id')
#3 D:/Semester 6/Praktikum ABP/modul-10-11-12/2311102169_BenWaizPintusW/FestivalMakanan/vendor/laravel/framework/src/Illuminate/Database/Query/Builder.php(4170): Illuminate/Database/Query/Processors/MySqlProcessor->processInsertGetId(Object(Illuminate/Database/Query/Builder), 'insert into `pr...', Array, 'id')
#4 D:/Semester 6/Praktikum ABP/modul-10-11-12/2311102169_BenWaizPintusW/FestivalMakanan/vendor/laravel/framework/src/Illuminate/Database/Eloquent/Builder.php(2237): Illuminate/Database/Query/Builder->insertGetId(Array, 'id')
#5 D:/Semester 6/Praktikum ABP/modul-10-11-12/2311102169_BenWaizPintusW/FestivalMakanan/vendor/laravel/framework/src/Illuminate/Database/Eloquent/Model.php(1436): Illuminate/Database/Eloquent/Builder->__call('insertGetId', Array)
#6 D:/Semester 6/Praktikum ABP/modul-10-11-12/2311102169_BenWaizPintusW/FestivalMakanan/vendor/laravel/framework/src/Illuminate/Database/Eloquent/Model.php(1401): Illuminate/Database/Eloquent/Model->insertAndSetId(Object(Illuminate/Database/Eloquent/Builder), Array)
#7 D:/Semester 6/Praktikum ABP/modul-10-11-12/2311102169_BenWaizPintusW/FestivalMakanan/vendor/laravel/framework/src/Illuminate/Database/Eloquent/Model.php(1240): Illuminate/Database/Eloquent/Model->performInsert(Object(Illuminate/Database/Eloquent/Builder))
#8 D:/Semester 6/Praktikum ABP/modul-10-11-12/2311102169_BenWaizPintusW/FestivalMakanan/vendor/laravel/framework/src/Illuminate/Database/Eloquent/Builder.php(1219): Illuminate/Database/Eloquent/Model->save()
#9 D:/Semester 6/Praktikum ABP/modul-10-11-12/2311102169_BenWaizPintusW/FestivalMakanan/vendor/laravel/framework/src/Illuminate/Support/helpers.php(393): Illuminate/Database/Eloquent/Builder->Illuminate/Database/Eloquent/{closure}(Object(App/Models/Product))
#10 D:/Semester 6/Praktikum ABP/modul-10-11-12/2311102169_BenWaizPintusW/FestivalMakanan/vendor/laravel/framework/src/Illuminate/Database/Eloquent/Builder.php(1218): tap(Object(App/Models/Product), Object(Closure))
#11 D:/Semester 6/Praktikum ABP/modul-10-11-12/2311102169_BenWaizPintusW/FestivalMakanan/vendor/laravel/framework/src/Illuminate/Support/Traits/ForwardsCalls.php(23): Illuminate/Database/Eloquent/Builder->create(Array)
#12 D:/Semester 6/Praktikum ABP/modul-10-11-12/2311102169_BenWaizPintusW/FestivalMakanan/vendor/laravel/framework/src/Illuminate/Database/Eloquent/Model.php(2540): Illuminate/Database/Eloquent/Model->forwardCallTo(Object(Illuminate/Database/Eloquent/Builder), 'create', Array)
#13 D:/Semester 6/Praktikum ABP/modul-10-11-12/2311102169_BenWaizPintusW/FestivalMakanan/vendor/laravel/framework/src/Illuminate/Database/Eloquent/Model.php(2556): Illuminate/Database/Eloquent/Model->__call('create', Array)
#14 D:/Semester 6/Praktikum ABP/modul-10-11-12/2311102169_BenWaizPintusW/FestivalMakanan/database/seeders/ProductSeeder.php(12): Illuminate/Database/Eloquent/Model::__callStatic('create', Array)
#15 D:/Semester 6/Praktikum ABP/modul-10-11-12/2311102169_BenWaizPintusW/FestivalMakanan/vendor/laravel/framework/src/Illuminate/Container/BoundMethod.php(36): Database/Seeders/ProductSeeder->run()
#16 D:/Semester 6/Praktikum ABP/modul-10-11-12/2311102169_BenWaizPintusW/FestivalMakanan/vendor/laravel/framework/src/Illuminate/Container/Util.php(43): Illuminate/Container/BoundMethod::Illuminate/Container/{closure}()
#17 D:/Semester 6/Praktikum ABP/modul-10-11-12/2311102169_BenWaizPintusW/FestivalMakanan/vendor/laravel/framework/src/Illuminate/Container/BoundMethod.php(96): Illuminate/Container/Util::unwrapIfClosure(Object(Closure))
#18 D:/Semester 6/Praktikum ABP/modul-10-11-12/2311102169_BenWaizPintusW/FestivalMakanan/vendor/laravel/framework/src/Illuminate/Container/BoundMethod.php(35): Illuminate/Container/BoundMethod::callBoundMethod(Object(Illuminate/Foundation/Application), Array, Object(Closure))
#19 D:/Semester 6/Praktikum ABP/modul-10-11-12/2311102169_BenWaizPintusW/FestivalMakanan/vendor/laravel/framework/src/Illuminate/Container/Container.php(799): Illuminate/Container/BoundMethod::call(Object(Illuminate/Foundation/Application), Array, Array, NULL)
#20 D:/Semester 6/Praktikum ABP/modul-10-11-12/2311102169_BenWaizPintusW/FestivalMakanan/vendor/laravel/framework/src/Illuminate/Database/Seeder.php(184): Illuminate/Container/Container->call(Array, Array)
#21 D:/Semester 6/Praktikum ABP/modul-10-11-12/2311102169_BenWaizPintusW/FestivalMakanan/vendor/laravel/framework/src/Illuminate/Database/Seeder.php(193): Illuminate/Database/Seeder->Illuminate/Database/{closure}()
#22 D:/Semester 6/Praktikum ABP/modul-10-11-12/2311102169_BenWaizPintusW/FestivalMakanan/vendor/laravel/framework/src/Illuminate/Database/Console/Seeds/SeedCommand.php(71): Illuminate/Database/Seeder->__invoke()
#23 D:/Semester 6/Praktikum ABP/modul-10-11-12/2311102169_BenWaizPintusW/FestivalMakanan/vendor/laravel/framework/src/Illuminate/Database/Eloquent/Concerns/GuardsAttributes.php(157): Illuminate/Database/Console/Seeds/SeedCommand->Illuminate/Database/Console/Seeds/{closure}()
#24 D:/Semester 6/Praktikum ABP/modul-10-11-12/2311102169_BenWaizPintusW/FestivalMakanan/vendor/laravel/framework/src/Illuminate/Database/Console/Seeds/SeedCommand.php(70): Illuminate/Database/Eloquent/Model::unguarded(Object(Closure))
#25 D:/Semester 6/Praktikum ABP/modul-10-11-12/2311102169_BenWaizPintusW/FestivalMakanan/vendor/laravel/framework/src/Illuminate/Container/BoundMethod.php(36): Illuminate/Database/Console/Seeds/SeedCommand->handle()
#26 D:/Semester 6/Praktikum ABP/modul-10-11-12/2311102169_BenWaizPintusW/FestivalMakanan/vendor/laravel/framework/src/Illuminate/Container/Util.php(43): Illuminate/Container/BoundMethod::Illuminate/Container/{closure}()
#27 D:/Semester 6/Praktikum ABP/modul-10-11-12/2311102169_BenWaizPintusW/FestivalMakanan/vendor/laravel/framework/src/Illuminate/Container/BoundMethod.php(96): Illuminate/Container/Util::unwrapIfClosure(Object(Closure))
#28 D:/Semester 6/Praktikum ABP/modul-10-11-12/2311102169_BenWaizPintusW/FestivalMakanan/vendor/laravel/framework/src/Illuminate/Container/BoundMethod.php(35): Illuminate/Container/BoundMethod::callBoundMethod(Object(Illuminate/Foundation/Application), Array, Object(Closure))
#29 D:/Semester 6/Praktikum ABP/modul-10-11-12/2311102169_BenWaizPintusW/FestivalMakanan/vendor/laravel/framework/src/Illuminate/Container/Container.php(799): Illuminate/Container/BoundMethod::call(Object(Illuminate/Foundation/Application), Array, Array, NULL)
#30 D:/Semester 6/Praktikum ABP/modul-10-11-12/2311102169_BenWaizPintusW/FestivalMakanan/vendor/laravel/framework/src/Illuminate/Console/Command.php(211): Illuminate/Container/Container->call(Array)
#31 D:/Semester 6/Praktikum ABP/modul-10-11-12/2311102169_BenWaizPintusW/FestivalMakanan/vendor/symfony/console/Command/Command.php(341): Illuminate/Console/Command->execute(Object(Symfony/Component/Console/Input/ArgvInput), Object(Illuminate/Console/OutputStyle))
#32 D:/Semester 6/Praktikum ABP/modul-10-11-12/2311102169_BenWaizPintusW/FestivalMakanan/vendor/laravel/framework/src/Illuminate/Console/Command.php(180): Symfony/Component/Console/Command/Command->run(Object(Symfony/Component/Console/Input/ArgvInput), Object(Illuminate/Console/OutputStyle))
#33 D:/Semester 6/Praktikum ABP/modul-10-11-12/2311102169_BenWaizPintusW/FestivalMakanan/vendor/symfony/console/Application.php(1117): Illuminate/Console/Command->run(Object(Symfony/Component/Console/Input/ArgvInput), Object(Symfony/Component/Console/Output/ConsoleOutput))
#34 D:/Semester 6/Praktikum ABP/modul-10-11-12/2311102169_BenWaizPintusW/FestivalMakanan/vendor/symfony/console/Application.php(356): Symfony/Component/Console/Application->doRunCommand(Object(Illuminate/Database/Console/Seeds/SeedCommand), Object(Symfony/Component/Console/Input/ArgvInput), Object(Symfony/Component/Console/Output/ConsoleOutput))
#35 D:/Semester 6/Praktikum ABP/modul-10-11-12/2311102169_BenWaizPintusW/FestivalMakanan/vendor/symfony/console/Application.php(195): Symfony/Component/Console/Application->doRun(Object(Symfony/Component/Console/Input/ArgvInput), Object(Symfony/Component/Console/Output/ConsoleOutput))
#36 D:/Semester 6/Praktikum ABP/modul-10-11-12/2311102169_BenWaizPintusW/FestivalMakanan/vendor/laravel/framework/src/Illuminate/Foundation/Console/Kernel.php(198): Symfony/Component/Console/Application->run(Object(Symfony/Component/Console/Input/ArgvInput), Object(Symfony/Component/Console/Output/ConsoleOutput))
#37 D:/Semester 6/Praktikum ABP/modul-10-11-12/2311102169_BenWaizPintusW/FestivalMakanan/vendor/laravel/framework/src/Illuminate/Foundation/Application.php(1235): Illuminate/Foundation/Console/Kernel->handle(Object(Symfony/Component/Console/Input/ArgvInput), Object(Symfony/Component/Console/Output/ConsoleOutput))
#38 D:/Semester 6/Praktikum ABP/modul-10-11-12/2311102169_BenWaizPintusW/FestivalMakanan/artisan(16): Illuminate/Foundation/Application->handleCommand(Object(Symfony/Component/Console/Input/ArgvInput))
#39 {main}

[previous exception] [object] (PDOException(code: 42S22): SQLSTATE[42S22]: Column not found: 1054 Unknown column 'name' in 'field list' at D:/Semester 6/Praktikum ABP/modul-10-11-12/2311102169_BenWaizPintusW/FestivalMakanan/vendor/laravel/framework/src/Illuminate/Database/MySqlConnection.php:47)
[stacktrace]
#0 D:/Semester 6/Praktikum ABP/modul-10-11-12/2311102169_BenWaizPintusW/FestivalMakanan/vendor/laravel/framework/src/Illuminate/Database/MySqlConnection.php(47): PDO->prepare('insert into `pr...')
#1 D:/Semester 6/Praktikum ABP/modul-10-11-12/2311102169_BenWaizPintusW/FestivalMakanan/vendor/laravel/framework/src/Illuminate/Database/Connection.php(827): Illuminate/Database/MySqlConnection->Illuminate/Database/{closure}('insert into `pr...', Array)
#2 D:/Semester 6/Praktikum ABP/modul-10-11-12/2311102169_BenWaizPintusW/FestivalMakanan/vendor/laravel/framework/src/Illuminate/Database/Connection.php(794): Illuminate/Database/Connection->runQueryCallback('insert into `pr...', Array, Object(Closure))
#3 D:/Semester 6/Praktikum ABP/modul-10-11-12/2311102169_BenWaizPintusW/FestivalMakanan/vendor/laravel/framework/src/Illuminate/Database/MySqlConnection.php(42): Illuminate/Database/Connection->run('insert into `pr...', Array, Object(Closure))
#4 D:/Semester 6/Praktikum ABP/modul-10-11-12/2311102169_BenWaizPintusW/FestivalMakanan/vendor/laravel/framework/src/Illuminate/Database/Query/Processors/MySqlProcessor.php(35): Illuminate/Database/MySqlConnection->insert('insert into `pr...', Array, 'id')
#5 D:/Semester 6/Praktikum ABP/modul-10-11-12/2311102169_BenWaizPintusW/FestivalMakanan/vendor/laravel/framework/src/Illuminate/Database/Query/Builder.php(4170): Illuminate/Database/Query/Processors/MySqlProcessor->processInsertGetId(Object(Illuminate/Database/Query/Builder), 'insert into `pr...', Array, 'id')
#6 D:/Semester 6/Praktikum ABP/modul-10-11-12/2311102169_BenWaizPintusW/FestivalMakanan/vendor/laravel/framework/src/Illuminate/Database/Eloquent/Builder.php(2237): Illuminate/Database/Query/Builder->insertGetId(Array, 'id')
#7 D:/Semester 6/Praktikum ABP/modul-10-11-12/2311102169_BenWaizPintusW/FestivalMakanan/vendor/laravel/framework/src/Illuminate/Database/Eloquent/Model.php(1436): Illuminate/Database/Eloquent/Builder->__call('insertGetId', Array)
#8 D:/Semester 6/Praktikum ABP/modul-10-11-12/2311102169_BenWaizPintusW/FestivalMakanan/vendor/laravel/framework/src/Illuminate/Database/Eloquent/Model.php(1401): Illuminate/Database/Eloquent/Model->insertAndSetId(Object(Illuminate/Database/Eloquent/Builder), Array)
#9 D:/Semester 6/Praktikum ABP/modul-10-11-12/2311102169_BenWaizPintusW/FestivalMakanan/vendor/laravel/framework/src/Illuminate/Database/Eloquent/Model.php(1240): Illuminate/Database/Eloquent/Model->performInsert(Object(Illuminate/Database/Eloquent/Builder))
#10 D:/Semester 6/Praktikum ABP/modul-10-11-12/2311102169_BenWaizPintusW/FestivalMakanan/vendor/laravel/framework/src/Illuminate/Database/Eloquent/Builder.php(1219): Illuminate/Database/Eloquent/Model->save()
#11 D:/Semester 6/Praktikum ABP/modul-10-11-12/2311102169_BenWaizPintusW/FestivalMakanan/vendor/laravel/framework/src/Illuminate/Support/helpers.php(393): Illuminate/Database/Eloquent/Builder->Illuminate/Database/Eloquent/{closure}(Object(App/Models/Product))
#12 D:/Semester 6/Praktikum ABP/modul-10-11-12/2311102169_BenWaizPintusW/FestivalMakanan/vendor/laravel/framework/src/Illuminate/Database/Eloquent/Builder.php(1218): tap(Object(App/Models/Product), Object(Closure))
#13 D:/Semester 6/Praktikum ABP/modul-10-11-12/2311102169_BenWaizPintusW/FestivalMakanan/vendor/laravel/framework/src/Illuminate/Support/Traits/ForwardsCalls.php(23): Illuminate/Database/Eloquent/Builder->create(Array)
#14 D:/Semester 6/Praktikum ABP/modul-10-11-12/2311102169_BenWaizPintusW/FestivalMakanan/vendor/laravel/framework/src/Illuminate/Database/Eloquent/Model.php(2540): Illuminate/Database/Eloquent/Model->forwardCallTo(Object(Illuminate/Database/Eloquent/Builder), 'create', Array)
#15 D:/Semester 6/Praktikum ABP/modul-10-11-12/2311102169_BenWaizPintusW/FestivalMakanan/vendor/laravel/framework/src/Illuminate/Database/Eloquent/Model.php(2556): Illuminate/Database/Eloquent/Model->__call('create', Array)
#16 D:/Semester 6/Praktikum ABP/modul-10-11-12/2311102169_BenWaizPintusW/FestivalMakanan/database/seeders/ProductSeeder.php(12): Illuminate/Database/Eloquent/Model::__callStatic('create', Array)
#17 D:/Semester 6/Praktikum ABP/modul-10-11-12/2311102169_BenWaizPintusW/FestivalMakanan/vendor/laravel/framework/src/Illuminate/Container/BoundMethod.php(36): Database/Seeders/ProductSeeder->run()
#18 D:/Semester 6/Praktikum ABP/modul-10-11-12/2311102169_BenWaizPintusW/FestivalMakanan/vendor/laravel/framework/src/Illuminate/Container/Util.php(43): Illuminate/Container/BoundMethod::Illuminate/Container/{closure}()
#19 D:/Semester 6/Praktikum ABP/modul-10-11-12/2311102169_BenWaizPintusW/FestivalMakanan/vendor/laravel/framework/src/Illuminate/Container/BoundMethod.php(96): Illuminate/Container/Util::unwrapIfClosure(Object(Closure))
#20 D:/Semester 6/Praktikum ABP/modul-10-11-12/2311102169_BenWaizPintusW/FestivalMakanan/vendor/laravel/framework/src/Illuminate/Container/BoundMethod.php(35): Illuminate/Container/BoundMethod::callBoundMethod(Object(Illuminate/Foundation/Application), Array, Object(Closure))
#21 D:/Semester 6/Praktikum ABP/modul-10-11-12/2311102169_BenWaizPintusW/FestivalMakanan/vendor/laravel/framework/src/Illuminate/Container/Container.php(799): Illuminate/Container/BoundMethod::call(Object(Illuminate/Foundation/Application), Array, Array, NULL)
#22 D:/Semester 6/Praktikum ABP/modul-10-11-12/2311102169_BenWaizPintusW/FestivalMakanan/vendor/laravel/framework/src/Illuminate/Database/Seeder.php(184): Illuminate/Container/Container->call(Array, Array)
#23 D:/Semester 6/Praktikum ABP/modul-10-11-12/2311102169_BenWaizPintusW/FestivalMakanan/vendor/laravel/framework/src/Illuminate/Database/Seeder.php(193): Illuminate/Database/Seeder->Illuminate/Database/{closure}()
#24 D:/Semester 6/Praktikum ABP/modul-10-11-12/2311102169_BenWaizPintusW/FestivalMakanan/vendor/laravel/framework/src/Illuminate/Database/Console/Seeds/SeedCommand.php(71): Illuminate/Database/Seeder->__invoke()
#25 D:/Semester 6/Praktikum ABP/modul-10-11-12/2311102169_BenWaizPintusW/FestivalMakanan/vendor/laravel/framework/src/Illuminate/Database/Eloquent/Concerns/GuardsAttributes.php(157): Illuminate/Database/Console/Seeds/SeedCommand->Illuminate/Database/Console/Seeds/{closure}()
#26 D:/Semester 6/Praktikum ABP/modul-10-11-12/2311102169_BenWaizPintusW/FestivalMakanan/vendor/laravel/framework/src/Illuminate/Database/Console/Seeds/SeedCommand.php(70): Illuminate/Database/Eloquent/Model::unguarded(Object(Closure))
#27 D:/Semester 6/Praktikum ABP/modul-10-11-12/2311102169_BenWaizPintusW/FestivalMakanan/vendor/laravel/framework/src/Illuminate/Container/BoundMethod.php(36): Illuminate/Database/Console/Seeds/SeedCommand->handle()
#28 D:/Semester 6/Praktikum ABP/modul-10-11-12/2311102169_BenWaizPintusW/FestivalMakanan/vendor/laravel/framework/src/Illuminate/Container/Util.php(43): Illuminate/Container/BoundMethod::Illuminate/Container/{closure}()
#29 D:/Semester 6/Praktikum ABP/modul-10-11-12/2311102169_BenWaizPintusW/FestivalMakanan/vendor/laravel/framework/src/Illuminate/Container/BoundMethod.php(96): Illuminate/Container/Util::unwrapIfClosure(Object(Closure))
#30 D:/Semester 6/Praktikum ABP/modul-10-11-12/2311102169_BenWaizPintusW/FestivalMakanan/vendor/laravel/framework/src/Illuminate/Container/BoundMethod.php(35): Illuminate/Container/BoundMethod::callBoundMethod(Object(Illuminate/Foundation/Application), Array, Object(Closure))
#31 D:/Semester 6/Praktikum ABP/modul-10-11-12/2311102169_BenWaizPintusW/FestivalMakanan/vendor/laravel/framework/src/Illuminate/Container/Container.php(799): Illuminate/Container/BoundMethod::call(Object(Illuminate/Foundation/Application), Array, Array, NULL)
#32 D:/Semester 6/Praktikum ABP/modul-10-11-12/2311102169_BenWaizPintusW/FestivalMakanan/vendor/laravel/framework/src/Illuminate/Console/Command.php(211): Illuminate/Container/Container->call(Array)
#33 D:/Semester 6/Praktikum ABP/modul-10-11-12/2311102169_BenWaizPintusW/FestivalMakanan/vendor/symfony/console/Command/Command.php(341): Illuminate/Console/Command->execute(Object(Symfony/Component/Console/Input/ArgvInput), Object(Illuminate/Console/OutputStyle))
#34 D:/Semester 6/Praktikum ABP/modul-10-11-12/2311102169_BenWaizPintusW/FestivalMakanan/vendor/laravel/framework/src/Illuminate/Console/Command.php(180): Symfony/Component/Console/Command/Command->run(Object(Symfony/Component/Console/Input/ArgvInput), Object(Illuminate/Console/OutputStyle))
#35 D:/Semester 6/Praktikum ABP/modul-10-11-12/2311102169_BenWaizPintusW/FestivalMakanan/vendor/symfony/console/Application.php(1117): Illuminate/Console/Command->run(Object(Symfony/Component/Console/Input/ArgvInput), Object(Symfony/Component/Console/Output/ConsoleOutput))
#36 D:/Semester 6/Praktikum ABP/modul-10-11-12/2311102169_BenWaizPintusW/FestivalMakanan/vendor/symfony/console/Application.php(356): Symfony/Component/Console/Application->doRunCommand(Object(Illuminate/Database/Console/Seeds/SeedCommand), Object(Symfony/Component/Console/Input/ArgvInput), Object(Symfony/Component/Console/Output/ConsoleOutput))
#37 D:/Semester 6/Praktikum ABP/modul-10-11-12/2311102169_BenWaizPintusW/FestivalMakanan/vendor/symfony/console/Application.php(195): Symfony/Component/Console/Application->doRun(Object(Symfony/Component/Console/Input/ArgvInput), Object(Symfony/Component/Console/Output/ConsoleOutput))
#38 D:/Semester 6/Praktikum ABP/modul-10-11-12/2311102169_BenWaizPintusW/FestivalMakanan/vendor/laravel/framework/src/Illuminate/Foundation/Console/Kernel.php(198): Symfony/Component/Console/Application->run(Object(Symfony/Component/Console/Input/ArgvInput), Object(Symfony/Component/Console/Output/ConsoleOutput))
#39 D:/Semester 6/Praktikum ABP/modul-10-11-12/2311102169_BenWaizPintusW/FestivalMakanan/vendor/laravel/framework/src/Illuminate/Foundation/Application.php(1235): Illuminate/Foundation/Console/Kernel->handle(Object(Symfony/Component/Console/Input/ArgvInput), Object(Symfony/Component/Console/Output/ConsoleOutput))
#40 D:/Semester 6/Praktikum ABP/modul-10-11-12/2311102169_BenWaizPintusW/FestivalMakanan/artisan(16): Illuminate/Foundation/Application->handleCommand(Object(Symfony/Component/Console/Input/ArgvInput))
#41 {main}
"} 
[2026-04-21 12:57:49] local.ERROR: SQLSTATE[42S22]: Column not found: 1054 Unknown column 'name' in 'field list' (Connection: mysql, Host: 127.0.0.1, Port: 3307, Database: festival_makanan, SQL: insert into `products` (`name`, `description`, `price`, `image`, `updated_at`, `created_at`) values (Signature Beef Grill, Daging sapi pilihan dengan saus rahasia Mas Jakobi., 85000, beef.jpg, 2026-04-21 12:57:49, 2026-04-21 12:57:49)) {"exception":"[object] (Illuminate\\Database\\QueryException(code: 42S22): SQLSTATE[42S22]: Column not found: 1054 Unknown column 'name' in 'field list' (Connection: mysql, Host: 127.0.0.1, Port: 3307, Database: festival_makanan, SQL: insert into `products` (`name`, `description`, `price`, `image`, `updated_at`, `created_at`) values (Signature Beef Grill, Daging sapi pilihan dengan saus rahasia Mas Jakobi., 85000, beef.jpg, 2026-04-21 12:57:49, 2026-04-21 12:57:49)) at D:/Semester 6/Praktikum ABP/modul-10-11-12/2311102169_BenWaizPintusW/FestivalMakanan/vendor/laravel/framework/src/Illuminate/Database/Connection.php:838)
[stacktrace]
#0 D:/Semester 6/Praktikum ABP/modul-10-11-12/2311102169_BenWaizPintusW/FestivalMakanan/vendor/laravel/framework/src/Illuminate/Database/Connection.php(794): Illuminate/Database/Connection->runQueryCallback('insert into `pr...', Array, Object(Closure))
#1 D:/Semester 6/Praktikum ABP/modul-10-11-12/2311102169_BenWaizPintusW/FestivalMakanan/vendor/laravel/framework/src/Illuminate/Database/MySqlConnection.php(42): Illuminate/Database/Connection->run('insert into `pr...', Array, Object(Closure))
#2 D:/Semester 6/Praktikum ABP/modul-10-11-12/2311102169_BenWaizPintusW/FestivalMakanan/vendor/laravel/framework/src/Illuminate/Database/Query/Processors/MySqlProcessor.php(35): Illuminate/Database/MySqlConnection->insert('insert into `pr...', Array, 'id')
#3 D:/Semester 6/Praktikum ABP/modul-10-11-12/2311102169_BenWaizPintusW/FestivalMakanan/vendor/laravel/framework/src/Illuminate/Database/Query/Builder.php(4170): Illuminate/Database/Query/Processors/MySqlProcessor->processInsertGetId(Object(Illuminate/Database/Query/Builder), 'insert into `pr...', Array, 'id')
#4 D:/Semester 6/Praktikum ABP/modul-10-11-12/2311102169_BenWaizPintusW/FestivalMakanan/vendor/laravel/framework/src/Illuminate/Database/Eloquent/Builder.php(2237): Illuminate/Database/Query/Builder->insertGetId(Array, 'id')
#5 D:/Semester 6/Praktikum ABP/modul-10-11-12/2311102169_BenWaizPintusW/FestivalMakanan/vendor/laravel/framework/src/Illuminate/Database/Eloquent/Model.php(1436): Illuminate/Database/Eloquent/Builder->__call('insertGetId', Array)
#6 D:/Semester 6/Praktikum ABP/modul-10-11-12/2311102169_BenWaizPintusW/FestivalMakanan/vendor/laravel/framework/src/Illuminate/Database/Eloquent/Model.php(1401): Illuminate/Database/Eloquent/Model->insertAndSetId(Object(Illuminate/Database/Eloquent/Builder), Array)
#7 D:/Semester 6/Praktikum ABP/modul-10-11-12/2311102169_BenWaizPintusW/FestivalMakanan/vendor/laravel/framework/src/Illuminate/Database/Eloquent/Model.php(1240): Illuminate/Database/Eloquent/Model->performInsert(Object(Illuminate/Database/Eloquent/Builder))
#8 D:/Semester 6/Praktikum ABP/modul-10-11-12/2311102169_BenWaizPintusW/FestivalMakanan/vendor/laravel/framework/src/Illuminate/Database/Eloquent/Builder.php(1219): Illuminate/Database/Eloquent/Model->save()
#9 D:/Semester 6/Praktikum ABP/modul-10-11-12/2311102169_BenWaizPintusW/FestivalMakanan/vendor/laravel/framework/src/Illuminate/Support/helpers.php(393): Illuminate/Database/Eloquent/Builder->Illuminate/Database/Eloquent/{closure}(Object(App/Models/Product))
#10 D:/Semester 6/Praktikum ABP/modul-10-11-12/2311102169_BenWaizPintusW/FestivalMakanan/vendor/laravel/framework/src/Illuminate/Database/Eloquent/Builder.php(1218): tap(Object(App/Models/Product), Object(Closure))
#11 D:/Semester 6/Praktikum ABP/modul-10-11-12/2311102169_BenWaizPintusW/FestivalMakanan/vendor/laravel/framework/src/Illuminate/Support/Traits/ForwardsCalls.php(23): Illuminate/Database/Eloquent/Builder->create(Array)
#12 D:/Semester 6/Praktikum ABP/modul-10-11-12/2311102169_BenWaizPintusW/FestivalMakanan/vendor/laravel/framework/src/Illuminate/Database/Eloquent/Model.php(2540): Illuminate/Database/Eloquent/Model->forwardCallTo(Object(Illuminate/Database/Eloquent/Builder), 'create', Array)
#13 D:/Semester 6/Praktikum ABP/modul-10-11-12/2311102169_BenWaizPintusW/FestivalMakanan/vendor/laravel/framework/src/Illuminate/Database/Eloquent/Model.php(2556): Illuminate/Database/Eloquent/Model->__call('create', Array)
#14 D:/Semester 6/Praktikum ABP/modul-10-11-12/2311102169_BenWaizPintusW/FestivalMakanan/database/seeders/ProductSeeder.php(12): Illuminate/Database/Eloquent/Model::__callStatic('create', Array)
#15 D:/Semester 6/Praktikum ABP/modul-10-11-12/2311102169_BenWaizPintusW/FestivalMakanan/vendor/laravel/framework/src/Illuminate/Container/BoundMethod.php(36): Database/Seeders/ProductSeeder->run()
#16 D:/Semester 6/Praktikum ABP/modul-10-11-12/2311102169_BenWaizPintusW/FestivalMakanan/vendor/laravel/framework/src/Illuminate/Container/Util.php(43): Illuminate/Container/BoundMethod::Illuminate/Container/{closure}()
#17 D:/Semester 6/Praktikum ABP/modul-10-11-12/2311102169_BenWaizPintusW/FestivalMakanan/vendor/laravel/framework/src/Illuminate/Container/BoundMethod.php(96): Illuminate/Container/Util::unwrapIfClosure(Object(Closure))
#18 D:/Semester 6/Praktikum ABP/modul-10-11-12/2311102169_BenWaizPintusW/FestivalMakanan/vendor/laravel/framework/src/Illuminate/Container/BoundMethod.php(35): Illuminate/Container/BoundMethod::callBoundMethod(Object(Illuminate/Foundation/Application), Array, Object(Closure))
#19 D:/Semester 6/Praktikum ABP/modul-10-11-12/2311102169_BenWaizPintusW/FestivalMakanan/vendor/laravel/framework/src/Illuminate/Container/Container.php(799): Illuminate/Container/BoundMethod::call(Object(Illuminate/Foundation/Application), Array, Array, NULL)
#20 D:/Semester 6/Praktikum ABP/modul-10-11-12/2311102169_BenWaizPintusW/FestivalMakanan/vendor/laravel/framework/src/Illuminate/Database/Seeder.php(184): Illuminate/Container/Container->call(Array, Array)
#21 D:/Semester 6/Praktikum ABP/modul-10-11-12/2311102169_BenWaizPintusW/FestivalMakanan/vendor/laravel/framework/src/Illuminate/Database/Seeder.php(193): Illuminate/Database/Seeder->Illuminate/Database/{closure}()
#22 D:/Semester 6/Praktikum ABP/modul-10-11-12/2311102169_BenWaizPintusW/FestivalMakanan/vendor/laravel/framework/src/Illuminate/Database/Console/Seeds/SeedCommand.php(71): Illuminate/Database/Seeder->__invoke()
#23 D:/Semester 6/Praktikum ABP/modul-10-11-12/2311102169_BenWaizPintusW/FestivalMakanan/vendor/laravel/framework/src/Illuminate/Database/Eloquent/Concerns/GuardsAttributes.php(157): Illuminate/Database/Console/Seeds/SeedCommand->Illuminate/Database/Console/Seeds/{closure}()
#24 D:/Semester 6/Praktikum ABP/modul-10-11-12/2311102169_BenWaizPintusW/FestivalMakanan/vendor/laravel/framework/src/Illuminate/Database/Console/Seeds/SeedCommand.php(70): Illuminate/Database/Eloquent/Model::unguarded(Object(Closure))
#25 D:/Semester 6/Praktikum ABP/modul-10-11-12/2311102169_BenWaizPintusW/FestivalMakanan/vendor/laravel/framework/src/Illuminate/Container/BoundMethod.php(36): Illuminate/Database/Console/Seeds/SeedCommand->handle()
#26 D:/Semester 6/Praktikum ABP/modul-10-11-12/2311102169_BenWaizPintusW/FestivalMakanan/vendor/laravel/framework/src/Illuminate/Container/Util.php(43): Illuminate/Container/BoundMethod::Illuminate/Container/{closure}()
#27 D:/Semester 6/Praktikum ABP/modul-10-11-12/2311102169_BenWaizPintusW/FestivalMakanan/vendor/laravel/framework/src/Illuminate/Container/BoundMethod.php(96): Illuminate/Container/Util::unwrapIfClosure(Object(Closure))
#28 D:/Semester 6/Praktikum ABP/modul-10-11-12/2311102169_BenWaizPintusW/FestivalMakanan/vendor/laravel/framework/src/Illuminate/Container/BoundMethod.php(35): Illuminate/Container/BoundMethod::callBoundMethod(Object(Illuminate/Foundation/Application), Array, Object(Closure))
#29 D:/Semester 6/Praktikum ABP/modul-10-11-12/2311102169_BenWaizPintusW/FestivalMakanan/vendor/laravel/framework/src/Illuminate/Container/Container.php(799): Illuminate/Container/BoundMethod::call(Object(Illuminate/Foundation/Application), Array, Array, NULL)
#30 D:/Semester 6/Praktikum ABP/modul-10-11-12/2311102169_BenWaizPintusW/FestivalMakanan/vendor/laravel/framework/src/Illuminate/Console/Command.php(211): Illuminate/Container/Container->call(Array)
#31 D:/Semester 6/Praktikum ABP/modul-10-11-12/2311102169_BenWaizPintusW/FestivalMakanan/vendor/symfony/console/Command/Command.php(341): Illuminate/Console/Command->execute(Object(Symfony/Component/Console/Input/ArgvInput), Object(Illuminate/Console/OutputStyle))
#32 D:/Semester 6/Praktikum ABP/modul-10-11-12/2311102169_BenWaizPintusW/FestivalMakanan/vendor/laravel/framework/src/Illuminate/Console/Command.php(180): Symfony/Component/Console/Command/Command->run(Object(Symfony/Component/Console/Input/ArgvInput), Object(Illuminate/Console/OutputStyle))
#33 D:/Semester 6/Praktikum ABP/modul-10-11-12/2311102169_BenWaizPintusW/FestivalMakanan/vendor/symfony/console/Application.php(1117): Illuminate/Console/Command->run(Object(Symfony/Component/Console/Input/ArgvInput), Object(Symfony/Component/Console/Output/ConsoleOutput))
#34 D:/Semester 6/Praktikum ABP/modul-10-11-12/2311102169_BenWaizPintusW/FestivalMakanan/vendor/symfony/console/Application.php(356): Symfony/Component/Console/Application->doRunCommand(Object(Illuminate/Database/Console/Seeds/SeedCommand), Object(Symfony/Component/Console/Input/ArgvInput), Object(Symfony/Component/Console/Output/ConsoleOutput))
#35 D:/Semester 6/Praktikum ABP/modul-10-11-12/2311102169_BenWaizPintusW/FestivalMakanan/vendor/symfony/console/Application.php(195): Symfony/Component/Console/Application->doRun(Object(Symfony/Component/Console/Input/ArgvInput), Object(Symfony/Component/Console/Output/ConsoleOutput))
#36 D:/Semester 6/Praktikum ABP/modul-10-11-12/2311102169_BenWaizPintusW/FestivalMakanan/vendor/laravel/framework/src/Illuminate/Foundation/Console/Kernel.php(198): Symfony/Component/Console/Application->run(Object(Symfony/Component/Console/Input/ArgvInput), Object(Symfony/Component/Console/Output/ConsoleOutput))
#37 D:/Semester 6/Praktikum ABP/modul-10-11-12/2311102169_BenWaizPintusW/FestivalMakanan/vendor/laravel/framework/src/Illuminate/Foundation/Application.php(1235): Illuminate/Foundation/Console/Kernel->handle(Object(Symfony/Component/Console/Input/ArgvInput), Object(Symfony/Component/Console/Output/ConsoleOutput))
#38 D:/Semester 6/Praktikum ABP/modul-10-11-12/2311102169_BenWaizPintusW/FestivalMakanan/artisan(16): Illuminate/Foundation/Application->handleCommand(Object(Symfony/Component/Console/Input/ArgvInput))
#39 {main}

[previous exception] [object] (PDOException(code: 42S22): SQLSTATE[42S22]: Column not found: 1054 Unknown column 'name' in 'field list' at D:/Semester 6/Praktikum ABP/modul-10-11-12/2311102169_BenWaizPintusW/FestivalMakanan/vendor/laravel/framework/src/Illuminate/Database/MySqlConnection.php:47)
[stacktrace]
#0 D:/Semester 6/Praktikum ABP/modul-10-11-12/2311102169_BenWaizPintusW/FestivalMakanan/vendor/laravel/framework/src/Illuminate/Database/MySqlConnection.php(47): PDO->prepare('insert into `pr...')
#1 D:/Semester 6/Praktikum ABP/modul-10-11-12/2311102169_BenWaizPintusW/FestivalMakanan/vendor/laravel/framework/src/Illuminate/Database/Connection.php(827): Illuminate/Database/MySqlConnection->Illuminate/Database/{closure}('insert into `pr...', Array)
#2 D:/Semester 6/Praktikum ABP/modul-10-11-12/2311102169_BenWaizPintusW/FestivalMakanan/vendor/laravel/framework/src/Illuminate/Database/Connection.php(794): Illuminate/Database/Connection->runQueryCallback('insert into `pr...', Array, Object(Closure))
#3 D:/Semester 6/Praktikum ABP/modul-10-11-12/2311102169_BenWaizPintusW/FestivalMakanan/vendor/laravel/framework/src/Illuminate/Database/MySqlConnection.php(42): Illuminate/Database/Connection->run('insert into `pr...', Array, Object(Closure))
#4 D:/Semester 6/Praktikum ABP/modul-10-11-12/2311102169_BenWaizPintusW/FestivalMakanan/vendor/laravel/framework/src/Illuminate/Database/Query/Processors/MySqlProcessor.php(35): Illuminate/Database/MySqlConnection->insert('insert into `pr...', Array, 'id')
#5 D:/Semester 6/Praktikum ABP/modul-10-11-12/2311102169_BenWaizPintusW/FestivalMakanan/vendor/laravel/framework/src/Illuminate/Database/Query/Builder.php(4170): Illuminate/Database/Query/Processors/MySqlProcessor->processInsertGetId(Object(Illuminate/Database/Query/Builder), 'insert into `pr...', Array, 'id')
#6 D:/Semester 6/Praktikum ABP/modul-10-11-12/2311102169_BenWaizPintusW/FestivalMakanan/vendor/laravel/framework/src/Illuminate/Database/Eloquent/Builder.php(2237): Illuminate/Database/Query/Builder->insertGetId(Array, 'id')
#7 D:/Semester 6/Praktikum ABP/modul-10-11-12/2311102169_BenWaizPintusW/FestivalMakanan/vendor/laravel/framework/src/Illuminate/Database/Eloquent/Model.php(1436): Illuminate/Database/Eloquent/Builder->__call('insertGetId', Array)
#8 D:/Semester 6/Praktikum ABP/modul-10-11-12/2311102169_BenWaizPintusW/FestivalMakanan/vendor/laravel/framework/src/Illuminate/Database/Eloquent/Model.php(1401): Illuminate/Database/Eloquent/Model->insertAndSetId(Object(Illuminate/Database/Eloquent/Builder), Array)
#9 D:/Semester 6/Praktikum ABP/modul-10-11-12/2311102169_BenWaizPintusW/FestivalMakanan/vendor/laravel/framework/src/Illuminate/Database/Eloquent/Model.php(1240): Illuminate/Database/Eloquent/Model->performInsert(Object(Illuminate/Database/Eloquent/Builder))
#10 D:/Semester 6/Praktikum ABP/modul-10-11-12/2311102169_BenWaizPintusW/FestivalMakanan/vendor/laravel/framework/src/Illuminate/Database/Eloquent/Builder.php(1219): Illuminate/Database/Eloquent/Model->save()
#11 D:/Semester 6/Praktikum ABP/modul-10-11-12/2311102169_BenWaizPintusW/FestivalMakanan/vendor/laravel/framework/src/Illuminate/Support/helpers.php(393): Illuminate/Database/Eloquent/Builder->Illuminate/Database/Eloquent/{closure}(Object(App/Models/Product))
#12 D:/Semester 6/Praktikum ABP/modul-10-11-12/2311102169_BenWaizPintusW/FestivalMakanan/vendor/laravel/framework/src/Illuminate/Database/Eloquent/Builder.php(1218): tap(Object(App/Models/Product), Object(Closure))
#13 D:/Semester 6/Praktikum ABP/modul-10-11-12/2311102169_BenWaizPintusW/FestivalMakanan/vendor/laravel/framework/src/Illuminate/Support/Traits/ForwardsCalls.php(23): Illuminate/Database/Eloquent/Builder->create(Array)
#14 D:/Semester 6/Praktikum ABP/modul-10-11-12/2311102169_BenWaizPintusW/FestivalMakanan/vendor/laravel/framework/src/Illuminate/Database/Eloquent/Model.php(2540): Illuminate/Database/Eloquent/Model->forwardCallTo(Object(Illuminate/Database/Eloquent/Builder), 'create', Array)
#15 D:/Semester 6/Praktikum ABP/modul-10-11-12/2311102169_BenWaizPintusW/FestivalMakanan/vendor/laravel/framework/src/Illuminate/Database/Eloquent/Model.php(2556): Illuminate/Database/Eloquent/Model->__call('create', Array)
#16 D:/Semester 6/Praktikum ABP/modul-10-11-12/2311102169_BenWaizPintusW/FestivalMakanan/database/seeders/ProductSeeder.php(12): Illuminate/Database/Eloquent/Model::__callStatic('create', Array)
#17 D:/Semester 6/Praktikum ABP/modul-10-11-12/2311102169_BenWaizPintusW/FestivalMakanan/vendor/laravel/framework/src/Illuminate/Container/BoundMethod.php(36): Database/Seeders/ProductSeeder->run()
#18 D:/Semester 6/Praktikum ABP/modul-10-11-12/2311102169_BenWaizPintusW/FestivalMakanan/vendor/laravel/framework/src/Illuminate/Container/Util.php(43): Illuminate/Container/BoundMethod::Illuminate/Container/{closure}()
#19 D:/Semester 6/Praktikum ABP/modul-10-11-12/2311102169_BenWaizPintusW/FestivalMakanan/vendor/laravel/framework/src/Illuminate/Container/BoundMethod.php(96): Illuminate/Container/Util::unwrapIfClosure(Object(Closure))
#20 D:/Semester 6/Praktikum ABP/modul-10-11-12/2311102169_BenWaizPintusW/FestivalMakanan/vendor/laravel/framework/src/Illuminate/Container/BoundMethod.php(35): Illuminate/Container/BoundMethod::callBoundMethod(Object(Illuminate/Foundation/Application), Array, Object(Closure))
#21 D:/Semester 6/Praktikum ABP/modul-10-11-12/2311102169_BenWaizPintusW/FestivalMakanan/vendor/laravel/framework/src/Illuminate/Container/Container.php(799): Illuminate/Container/BoundMethod::call(Object(Illuminate/Foundation/Application), Array, Array, NULL)
#22 D:/Semester 6/Praktikum ABP/modul-10-11-12/2311102169_BenWaizPintusW/FestivalMakanan/vendor/laravel/framework/src/Illuminate/Database/Seeder.php(184): Illuminate/Container/Container->call(Array, Array)
#23 D:/Semester 6/Praktikum ABP/modul-10-11-12/2311102169_BenWaizPintusW/FestivalMakanan/vendor/laravel/framework/src/Illuminate/Database/Seeder.php(193): Illuminate/Database/Seeder->Illuminate/Database/{closure}()
#24 D:/Semester 6/Praktikum ABP/modul-10-11-12/2311102169_BenWaizPintusW/FestivalMakanan/vendor/laravel/framework/src/Illuminate/Database/Console/Seeds/SeedCommand.php(71): Illuminate/Database/Seeder->__invoke()
#25 D:/Semester 6/Praktikum ABP/modul-10-11-12/2311102169_BenWaizPintusW/FestivalMakanan/vendor/laravel/framework/src/Illuminate/Database/Eloquent/Concerns/GuardsAttributes.php(157): Illuminate/Database/Console/Seeds/SeedCommand->Illuminate/Database/Console/Seeds/{closure}()
#26 D:/Semester 6/Praktikum ABP/modul-10-11-12/2311102169_BenWaizPintusW/FestivalMakanan/vendor/laravel/framework/src/Illuminate/Database/Console/Seeds/SeedCommand.php(70): Illuminate/Database/Eloquent/Model::unguarded(Object(Closure))
#27 D:/Semester 6/Praktikum ABP/modul-10-11-12/2311102169_BenWaizPintusW/FestivalMakanan/vendor/laravel/framework/src/Illuminate/Container/BoundMethod.php(36): Illuminate/Database/Console/Seeds/SeedCommand->handle()
#28 D:/Semester 6/Praktikum ABP/modul-10-11-12/2311102169_BenWaizPintusW/FestivalMakanan/vendor/laravel/framework/src/Illuminate/Container/Util.php(43): Illuminate/Container/BoundMethod::Illuminate/Container/{closure}()
#29 D:/Semester 6/Praktikum ABP/modul-10-11-12/2311102169_BenWaizPintusW/FestivalMakanan/vendor/laravel/framework/src/Illuminate/Container/BoundMethod.php(96): Illuminate/Container/Util::unwrapIfClosure(Object(Closure))
#30 D:/Semester 6/Praktikum ABP/modul-10-11-12/2311102169_BenWaizPintusW/FestivalMakanan/vendor/laravel/framework/src/Illuminate/Container/BoundMethod.php(35): Illuminate/Container/BoundMethod::callBoundMethod(Object(Illuminate/Foundation/Application), Array, Object(Closure))
#31 D:/Semester 6/Praktikum ABP/modul-10-11-12/2311102169_BenWaizPintusW/FestivalMakanan/vendor/laravel/framework/src/Illuminate/Container/Container.php(799): Illuminate/Container/BoundMethod::call(Object(Illuminate/Foundation/Application), Array, Array, NULL)
#32 D:/Semester 6/Praktikum ABP/modul-10-11-12/2311102169_BenWaizPintusW/FestivalMakanan/vendor/laravel/framework/src/Illuminate/Console/Command.php(211): Illuminate/Container/Container->call(Array)
#33 D:/Semester 6/Praktikum ABP/modul-10-11-12/2311102169_BenWaizPintusW/FestivalMakanan/vendor/symfony/console/Command/Command.php(341): Illuminate/Console/Command->execute(Object(Symfony/Component/Console/Input/ArgvInput), Object(Illuminate/Console/OutputStyle))
#34 D:/Semester 6/Praktikum ABP/modul-10-11-12/2311102169_BenWaizPintusW/FestivalMakanan/vendor/laravel/framework/src/Illuminate/Console/Command.php(180): Symfony/Component/Console/Command/Command->run(Object(Symfony/Component/Console/Input/ArgvInput), Object(Illuminate/Console/OutputStyle))
#35 D:/Semester 6/Praktikum ABP/modul-10-11-12/2311102169_BenWaizPintusW/FestivalMakanan/vendor/symfony/console/Application.php(1117): Illuminate/Console/Command->run(Object(Symfony/Component/Console/Input/ArgvInput), Object(Symfony/Component/Console/Output/ConsoleOutput))
#36 D:/Semester 6/Praktikum ABP/modul-10-11-12/2311102169_BenWaizPintusW/FestivalMakanan/vendor/symfony/console/Application.php(356): Symfony/Component/Console/Application->doRunCommand(Object(Illuminate/Database/Console/Seeds/SeedCommand), Object(Symfony/Component/Console/Input/ArgvInput), Object(Symfony/Component/Console/Output/ConsoleOutput))
#37 D:/Semester 6/Praktikum ABP/modul-10-11-12/2311102169_BenWaizPintusW/FestivalMakanan/vendor/symfony/console/Application.php(195): Symfony/Component/Console/Application->doRun(Object(Symfony/Component/Console/Input/ArgvInput), Object(Symfony/Component/Console/Output/ConsoleOutput))
#38 D:/Semester 6/Praktikum ABP/modul-10-11-12/2311102169_BenWaizPintusW/FestivalMakanan/vendor/laravel/framework/src/Illuminate/Foundation/Console/Kernel.php(198): Symfony/Component/Console/Application->run(Object(Symfony/Component/Console/Input/ArgvInput), Object(Symfony/Component/Console/Output/ConsoleOutput))
#39 D:/Semester 6/Praktikum ABP/modul-10-11-12/2311102169_BenWaizPintusW/FestivalMakanan/vendor/laravel/framework/src/Illuminate/Foundation/Application.php(1235): Illuminate/Foundation/Console/Kernel->handle(Object(Symfony/Component/Console/Input/ArgvInput), Object(Symfony/Component/Console/Output/ConsoleOutput))
#40 D:/Semester 6/Praktikum ABP/modul-10-11-12/2311102169_BenWaizPintusW/FestivalMakanan/artisan(16): Illuminate/Foundation/Application->handleCommand(Object(Symfony/Component/Console/Input/ArgvInput))
#41 {main}
"} 
[2026-04-21 13:01:52] local.ERROR: SQLSTATE[42S22]: Column not found: 1054 Unknown column 'name' in 'field list' (Connection: mysql, Host: 127.0.0.1, Port: 3307, Database: festival_makanan, SQL: insert into `products` (`name`, `description`, `price`, `image`, `updated_at`, `created_at`) values (Signature Beef Grill, Daging sapi pilihan dengan saus rahasia Mas Jakobi., 85000, beef.jpg, 2026-04-21 13:01:52, 2026-04-21 13:01:52)) {"exception":"[object] (Illuminate\\Database\\QueryException(code: 42S22): SQLSTATE[42S22]: Column not found: 1054 Unknown column 'name' in 'field list' (Connection: mysql, Host: 127.0.0.1, Port: 3307, Database: festival_makanan, SQL: insert into `products` (`name`, `description`, `price`, `image`, `updated_at`, `created_at`) values (Signature Beef Grill, Daging sapi pilihan dengan saus rahasia Mas Jakobi., 85000, beef.jpg, 2026-04-21 13:01:52, 2026-04-21 13:01:52)) at D:/Semester 6/Praktikum ABP/modul-10-11-12/2311102169_BenWaizPintusW/FestivalMakanan/vendor/laravel/framework/src/Illuminate/Database/Connection.php:838)
[stacktrace]
#0 D:/Semester 6/Praktikum ABP/modul-10-11-12/2311102169_BenWaizPintusW/FestivalMakanan/vendor/laravel/framework/src/Illuminate/Database/Connection.php(794): Illuminate/Database/Connection->runQueryCallback('insert into `pr...', Array, Object(Closure))
#1 D:/Semester 6/Praktikum ABP/modul-10-11-12/2311102169_BenWaizPintusW/FestivalMakanan/vendor/laravel/framework/src/Illuminate/Database/MySqlConnection.php(42): Illuminate/Database/Connection->run('insert into `pr...', Array, Object(Closure))
#2 D:/Semester 6/Praktikum ABP/modul-10-11-12/2311102169_BenWaizPintusW/FestivalMakanan/vendor/laravel/framework/src/Illuminate/Database/Query/Processors/MySqlProcessor.php(35): Illuminate/Database/MySqlConnection->insert('insert into `pr...', Array, 'id')
#3 D:/Semester 6/Praktikum ABP/modul-10-11-12/2311102169_BenWaizPintusW/FestivalMakanan/vendor/laravel/framework/src/Illuminate/Database/Query/Builder.php(4170): Illuminate/Database/Query/Processors/MySqlProcessor->processInsertGetId(Object(Illuminate/Database/Query/Builder), 'insert into `pr...', Array, 'id')
#4 D:/Semester 6/Praktikum ABP/modul-10-11-12/2311102169_BenWaizPintusW/FestivalMakanan/vendor/laravel/framework/src/Illuminate/Database/Eloquent/Builder.php(2237): Illuminate/Database/Query/Builder->insertGetId(Array, 'id')
#5 D:/Semester 6/Praktikum ABP/modul-10-11-12/2311102169_BenWaizPintusW/FestivalMakanan/vendor/laravel/framework/src/Illuminate/Database/Eloquent/Model.php(1436): Illuminate/Database/Eloquent/Builder->__call('insertGetId', Array)
#6 D:/Semester 6/Praktikum ABP/modul-10-11-12/2311102169_BenWaizPintusW/FestivalMakanan/vendor/laravel/framework/src/Illuminate/Database/Eloquent/Model.php(1401): Illuminate/Database/Eloquent/Model->insertAndSetId(Object(Illuminate/Database/Eloquent/Builder), Array)
#7 D:/Semester 6/Praktikum ABP/modul-10-11-12/2311102169_BenWaizPintusW/FestivalMakanan/vendor/laravel/framework/src/Illuminate/Database/Eloquent/Model.php(1240): Illuminate/Database/Eloquent/Model->performInsert(Object(Illuminate/Database/Eloquent/Builder))
#8 D:/Semester 6/Praktikum ABP/modul-10-11-12/2311102169_BenWaizPintusW/FestivalMakanan/vendor/laravel/framework/src/Illuminate/Database/Eloquent/Builder.php(1219): Illuminate/Database/Eloquent/Model->save()
#9 D:/Semester 6/Praktikum ABP/modul-10-11-12/2311102169_BenWaizPintusW/FestivalMakanan/vendor/laravel/framework/src/Illuminate/Support/helpers.php(393): Illuminate/Database/Eloquent/Builder->Illuminate/Database/Eloquent/{closure}(Object(App/Models/Product))
#10 D:/Semester 6/Praktikum ABP/modul-10-11-12/2311102169_BenWaizPintusW/FestivalMakanan/vendor/laravel/framework/src/Illuminate/Database/Eloquent/Builder.php(1218): tap(Object(App/Models/Product), Object(Closure))
#11 D:/Semester 6/Praktikum ABP/modul-10-11-12/2311102169_BenWaizPintusW/FestivalMakanan/vendor/laravel/framework/src/Illuminate/Support/Traits/ForwardsCalls.php(23): Illuminate/Database/Eloquent/Builder->create(Array)
#12 D:/Semester 6/Praktikum ABP/modul-10-11-12/2311102169_BenWaizPintusW/FestivalMakanan/vendor/laravel/framework/src/Illuminate/Database/Eloquent/Model.php(2540): Illuminate/Database/Eloquent/Model->forwardCallTo(Object(Illuminate/Database/Eloquent/Builder), 'create', Array)
#13 D:/Semester 6/Praktikum ABP/modul-10-11-12/2311102169_BenWaizPintusW/FestivalMakanan/vendor/laravel/framework/src/Illuminate/Database/Eloquent/Model.php(2556): Illuminate/Database/Eloquent/Model->__call('create', Array)
#14 D:/Semester 6/Praktikum ABP/modul-10-11-12/2311102169_BenWaizPintusW/FestivalMakanan/database/seeders/ProductSeeder.php(12): Illuminate/Database/Eloquent/Model::__callStatic('create', Array)
#15 D:/Semester 6/Praktikum ABP/modul-10-11-12/2311102169_BenWaizPintusW/FestivalMakanan/vendor/laravel/framework/src/Illuminate/Container/BoundMethod.php(36): Database/Seeders/ProductSeeder->run()
#16 D:/Semester 6/Praktikum ABP/modul-10-11-12/2311102169_BenWaizPintusW/FestivalMakanan/vendor/laravel/framework/src/Illuminate/Container/Util.php(43): Illuminate/Container/BoundMethod::Illuminate/Container/{closure}()
#17 D:/Semester 6/Praktikum ABP/modul-10-11-12/2311102169_BenWaizPintusW/FestivalMakanan/vendor/laravel/framework/src/Illuminate/Container/BoundMethod.php(96): Illuminate/Container/Util::unwrapIfClosure(Object(Closure))
#18 D:/Semester 6/Praktikum ABP/modul-10-11-12/2311102169_BenWaizPintusW/FestivalMakanan/vendor/laravel/framework/src/Illuminate/Container/BoundMethod.php(35): Illuminate/Container/BoundMethod::callBoundMethod(Object(Illuminate/Foundation/Application), Array, Object(Closure))
#19 D:/Semester 6/Praktikum ABP/modul-10-11-12/2311102169_BenWaizPintusW/FestivalMakanan/vendor/laravel/framework/src/Illuminate/Container/Container.php(799): Illuminate/Container/BoundMethod::call(Object(Illuminate/Foundation/Application), Array, Array, NULL)
#20 D:/Semester 6/Praktikum ABP/modul-10-11-12/2311102169_BenWaizPintusW/FestivalMakanan/vendor/laravel/framework/src/Illuminate/Database/Seeder.php(184): Illuminate/Container/Container->call(Array, Array)
#21 D:/Semester 6/Praktikum ABP/modul-10-11-12/2311102169_BenWaizPintusW/FestivalMakanan/vendor/laravel/framework/src/Illuminate/Database/Seeder.php(193): Illuminate/Database/Seeder->Illuminate/Database/{closure}()
#22 D:/Semester 6/Praktikum ABP/modul-10-11-12/2311102169_BenWaizPintusW/FestivalMakanan/vendor/laravel/framework/src/Illuminate/Database/Console/Seeds/SeedCommand.php(71): Illuminate/Database/Seeder->__invoke()
#23 D:/Semester 6/Praktikum ABP/modul-10-11-12/2311102169_BenWaizPintusW/FestivalMakanan/vendor/laravel/framework/src/Illuminate/Database/Eloquent/Concerns/GuardsAttributes.php(157): Illuminate/Database/Console/Seeds/SeedCommand->Illuminate/Database/Console/Seeds/{closure}()
#24 D:/Semester 6/Praktikum ABP/modul-10-11-12/2311102169_BenWaizPintusW/FestivalMakanan/vendor/laravel/framework/src/Illuminate/Database/Console/Seeds/SeedCommand.php(70): Illuminate/Database/Eloquent/Model::unguarded(Object(Closure))
#25 D:/Semester 6/Praktikum ABP/modul-10-11-12/2311102169_BenWaizPintusW/FestivalMakanan/vendor/laravel/framework/src/Illuminate/Container/BoundMethod.php(36): Illuminate/Database/Console/Seeds/SeedCommand->handle()
#26 D:/Semester 6/Praktikum ABP/modul-10-11-12/2311102169_BenWaizPintusW/FestivalMakanan/vendor/laravel/framework/src/Illuminate/Container/Util.php(43): Illuminate/Container/BoundMethod::Illuminate/Container/{closure}()
#27 D:/Semester 6/Praktikum ABP/modul-10-11-12/2311102169_BenWaizPintusW/FestivalMakanan/vendor/laravel/framework/src/Illuminate/Container/BoundMethod.php(96): Illuminate/Container/Util::unwrapIfClosure(Object(Closure))
#28 D:/Semester 6/Praktikum ABP/modul-10-11-12/2311102169_BenWaizPintusW/FestivalMakanan/vendor/laravel/framework/src/Illuminate/Container/BoundMethod.php(35): Illuminate/Container/BoundMethod::callBoundMethod(Object(Illuminate/Foundation/Application), Array, Object(Closure))
#29 D:/Semester 6/Praktikum ABP/modul-10-11-12/2311102169_BenWaizPintusW/FestivalMakanan/vendor/laravel/framework/src/Illuminate/Container/Container.php(799): Illuminate/Container/BoundMethod::call(Object(Illuminate/Foundation/Application), Array, Array, NULL)
#30 D:/Semester 6/Praktikum ABP/modul-10-11-12/2311102169_BenWaizPintusW/FestivalMakanan/vendor/laravel/framework/src/Illuminate/Console/Command.php(211): Illuminate/Container/Container->call(Array)
#31 D:/Semester 6/Praktikum ABP/modul-10-11-12/2311102169_BenWaizPintusW/FestivalMakanan/vendor/symfony/console/Command/Command.php(341): Illuminate/Console/Command->execute(Object(Symfony/Component/Console/Input/ArgvInput), Object(Illuminate/Console/OutputStyle))
#32 D:/Semester 6/Praktikum ABP/modul-10-11-12/2311102169_BenWaizPintusW/FestivalMakanan/vendor/laravel/framework/src/Illuminate/Console/Command.php(180): Symfony/Component/Console/Command/Command->run(Object(Symfony/Component/Console/Input/ArgvInput), Object(Illuminate/Console/OutputStyle))
#33 D:/Semester 6/Praktikum ABP/modul-10-11-12/2311102169_BenWaizPintusW/FestivalMakanan/vendor/symfony/console/Application.php(1117): Illuminate/Console/Command->run(Object(Symfony/Component/Console/Input/ArgvInput), Object(Symfony/Component/Console/Output/ConsoleOutput))
#34 D:/Semester 6/Praktikum ABP/modul-10-11-12/2311102169_BenWaizPintusW/FestivalMakanan/vendor/symfony/console/Application.php(356): Symfony/Component/Console/Application->doRunCommand(Object(Illuminate/Database/Console/Seeds/SeedCommand), Object(Symfony/Component/Console/Input/ArgvInput), Object(Symfony/Component/Console/Output/ConsoleOutput))
#35 D:/Semester 6/Praktikum ABP/modul-10-11-12/2311102169_BenWaizPintusW/FestivalMakanan/vendor/symfony/console/Application.php(195): Symfony/Component/Console/Application->doRun(Object(Symfony/Component/Console/Input/ArgvInput), Object(Symfony/Component/Console/Output/ConsoleOutput))
#36 D:/Semester 6/Praktikum ABP/modul-10-11-12/2311102169_BenWaizPintusW/FestivalMakanan/vendor/laravel/framework/src/Illuminate/Foundation/Console/Kernel.php(198): Symfony/Component/Console/Application->run(Object(Symfony/Component/Console/Input/ArgvInput), Object(Symfony/Component/Console/Output/ConsoleOutput))
#37 D:/Semester 6/Praktikum ABP/modul-10-11-12/2311102169_BenWaizPintusW/FestivalMakanan/vendor/laravel/framework/src/Illuminate/Foundation/Application.php(1235): Illuminate/Foundation/Console/Kernel->handle(Object(Symfony/Component/Console/Input/ArgvInput), Object(Symfony/Component/Console/Output/ConsoleOutput))
#38 D:/Semester 6/Praktikum ABP/modul-10-11-12/2311102169_BenWaizPintusW/FestivalMakanan/artisan(16): Illuminate/Foundation/Application->handleCommand(Object(Symfony/Component/Console/Input/ArgvInput))
#39 {main}

[previous exception] [object] (PDOException(code: 42S22): SQLSTATE[42S22]: Column not found: 1054 Unknown column 'name' in 'field list' at D:/Semester 6/Praktikum ABP/modul-10-11-12/2311102169_BenWaizPintusW/FestivalMakanan/vendor/laravel/framework/src/Illuminate/Database/MySqlConnection.php:47)
[stacktrace]
#0 D:/Semester 6/Praktikum ABP/modul-10-11-12/2311102169_BenWaizPintusW/FestivalMakanan/vendor/laravel/framework/src/Illuminate/Database/MySqlConnection.php(47): PDO->prepare('insert into `pr...')
#1 D:/Semester 6/Praktikum ABP/modul-10-11-12/2311102169_BenWaizPintusW/FestivalMakanan/vendor/laravel/framework/src/Illuminate/Database/Connection.php(827): Illuminate/Database/MySqlConnection->Illuminate/Database/{closure}('insert into `pr...', Array)
#2 D:/Semester 6/Praktikum ABP/modul-10-11-12/2311102169_BenWaizPintusW/FestivalMakanan/vendor/laravel/framework/src/Illuminate/Database/Connection.php(794): Illuminate/Database/Connection->runQueryCallback('insert into `pr...', Array, Object(Closure))
#3 D:/Semester 6/Praktikum ABP/modul-10-11-12/2311102169_BenWaizPintusW/FestivalMakanan/vendor/laravel/framework/src/Illuminate/Database/MySqlConnection.php(42): Illuminate/Database/Connection->run('insert into `pr...', Array, Object(Closure))
#4 D:/Semester 6/Praktikum ABP/modul-10-11-12/2311102169_BenWaizPintusW/FestivalMakanan/vendor/laravel/framework/src/Illuminate/Database/Query/Processors/MySqlProcessor.php(35): Illuminate/Database/MySqlConnection->insert('insert into `pr...', Array, 'id')
#5 D:/Semester 6/Praktikum ABP/modul-10-11-12/2311102169_BenWaizPintusW/FestivalMakanan/vendor/laravel/framework/src/Illuminate/Database/Query/Builder.php(4170): Illuminate/Database/Query/Processors/MySqlProcessor->processInsertGetId(Object(Illuminate/Database/Query/Builder), 'insert into `pr...', Array, 'id')
#6 D:/Semester 6/Praktikum ABP/modul-10-11-12/2311102169_BenWaizPintusW/FestivalMakanan/vendor/laravel/framework/src/Illuminate/Database/Eloquent/Builder.php(2237): Illuminate/Database/Query/Builder->insertGetId(Array, 'id')
#7 D:/Semester 6/Praktikum ABP/modul-10-11-12/2311102169_BenWaizPintusW/FestivalMakanan/vendor/laravel/framework/src/Illuminate/Database/Eloquent/Model.php(1436): Illuminate/Database/Eloquent/Builder->__call('insertGetId', Array)
#8 D:/Semester 6/Praktikum ABP/modul-10-11-12/2311102169_BenWaizPintusW/FestivalMakanan/vendor/laravel/framework/src/Illuminate/Database/Eloquent/Model.php(1401): Illuminate/Database/Eloquent/Model->insertAndSetId(Object(Illuminate/Database/Eloquent/Builder), Array)
#9 D:/Semester 6/Praktikum ABP/modul-10-11-12/2311102169_BenWaizPintusW/FestivalMakanan/vendor/laravel/framework/src/Illuminate/Database/Eloquent/Model.php(1240): Illuminate/Database/Eloquent/Model->performInsert(Object(Illuminate/Database/Eloquent/Builder))
#10 D:/Semester 6/Praktikum ABP/modul-10-11-12/2311102169_BenWaizPintusW/FestivalMakanan/vendor/laravel/framework/src/Illuminate/Database/Eloquent/Builder.php(1219): Illuminate/Database/Eloquent/Model->save()
#11 D:/Semester 6/Praktikum ABP/modul-10-11-12/2311102169_BenWaizPintusW/FestivalMakanan/vendor/laravel/framework/src/Illuminate/Support/helpers.php(393): Illuminate/Database/Eloquent/Builder->Illuminate/Database/Eloquent/{closure}(Object(App/Models/Product))
#12 D:/Semester 6/Praktikum ABP/modul-10-11-12/2311102169_BenWaizPintusW/FestivalMakanan/vendor/laravel/framework/src/Illuminate/Database/Eloquent/Builder.php(1218): tap(Object(App/Models/Product), Object(Closure))
#13 D:/Semester 6/Praktikum ABP/modul-10-11-12/2311102169_BenWaizPintusW/FestivalMakanan/vendor/laravel/framework/src/Illuminate/Support/Traits/ForwardsCalls.php(23): Illuminate/Database/Eloquent/Builder->create(Array)
#14 D:/Semester 6/Praktikum ABP/modul-10-11-12/2311102169_BenWaizPintusW/FestivalMakanan/vendor/laravel/framework/src/Illuminate/Database/Eloquent/Model.php(2540): Illuminate/Database/Eloquent/Model->forwardCallTo(Object(Illuminate/Database/Eloquent/Builder), 'create', Array)
#15 D:/Semester 6/Praktikum ABP/modul-10-11-12/2311102169_BenWaizPintusW/FestivalMakanan/vendor/laravel/framework/src/Illuminate/Database/Eloquent/Model.php(2556): Illuminate/Database/Eloquent/Model->__call('create', Array)
#16 D:/Semester 6/Praktikum ABP/modul-10-11-12/2311102169_BenWaizPintusW/FestivalMakanan/database/seeders/ProductSeeder.php(12): Illuminate/Database/Eloquent/Model::__callStatic('create', Array)
#17 D:/Semester 6/Praktikum ABP/modul-10-11-12/2311102169_BenWaizPintusW/FestivalMakanan/vendor/laravel/framework/src/Illuminate/Container/BoundMethod.php(36): Database/Seeders/ProductSeeder->run()
#18 D:/Semester 6/Praktikum ABP/modul-10-11-12/2311102169_BenWaizPintusW/FestivalMakanan/vendor/laravel/framework/src/Illuminate/Container/Util.php(43): Illuminate/Container/BoundMethod::Illuminate/Container/{closure}()
#19 D:/Semester 6/Praktikum ABP/modul-10-11-12/2311102169_BenWaizPintusW/FestivalMakanan/vendor/laravel/framework/src/Illuminate/Container/BoundMethod.php(96): Illuminate/Container/Util::unwrapIfClosure(Object(Closure))
#20 D:/Semester 6/Praktikum ABP/modul-10-11-12/2311102169_BenWaizPintusW/FestivalMakanan/vendor/laravel/framework/src/Illuminate/Container/BoundMethod.php(35): Illuminate/Container/BoundMethod::callBoundMethod(Object(Illuminate/Foundation/Application), Array, Object(Closure))
#21 D:/Semester 6/Praktikum ABP/modul-10-11-12/2311102169_BenWaizPintusW/FestivalMakanan/vendor/laravel/framework/src/Illuminate/Container/Container.php(799): Illuminate/Container/BoundMethod::call(Object(Illuminate/Foundation/Application), Array, Array, NULL)
#22 D:/Semester 6/Praktikum ABP/modul-10-11-12/2311102169_BenWaizPintusW/FestivalMakanan/vendor/laravel/framework/src/Illuminate/Database/Seeder.php(184): Illuminate/Container/Container->call(Array, Array)
#23 D:/Semester 6/Praktikum ABP/modul-10-11-12/2311102169_BenWaizPintusW/FestivalMakanan/vendor/laravel/framework/src/Illuminate/Database/Seeder.php(193): Illuminate/Database/Seeder->Illuminate/Database/{closure}()
#24 D:/Semester 6/Praktikum ABP/modul-10-11-12/2311102169_BenWaizPintusW/FestivalMakanan/vendor/laravel/framework/src/Illuminate/Database/Console/Seeds/SeedCommand.php(71): Illuminate/Database/Seeder->__invoke()
#25 D:/Semester 6/Praktikum ABP/modul-10-11-12/2311102169_BenWaizPintusW/FestivalMakanan/vendor/laravel/framework/src/Illuminate/Database/Eloquent/Concerns/GuardsAttributes.php(157): Illuminate/Database/Console/Seeds/SeedCommand->Illuminate/Database/Console/Seeds/{closure}()
#26 D:/Semester 6/Praktikum ABP/modul-10-11-12/2311102169_BenWaizPintusW/FestivalMakanan/vendor/laravel/framework/src/Illuminate/Database/Console/Seeds/SeedCommand.php(70): Illuminate/Database/Eloquent/Model::unguarded(Object(Closure))
#27 D:/Semester 6/Praktikum ABP/modul-10-11-12/2311102169_BenWaizPintusW/FestivalMakanan/vendor/laravel/framework/src/Illuminate/Container/BoundMethod.php(36): Illuminate/Database/Console/Seeds/SeedCommand->handle()
#28 D:/Semester 6/Praktikum ABP/modul-10-11-12/2311102169_BenWaizPintusW/FestivalMakanan/vendor/laravel/framework/src/Illuminate/Container/Util.php(43): Illuminate/Container/BoundMethod::Illuminate/Container/{closure}()
#29 D:/Semester 6/Praktikum ABP/modul-10-11-12/2311102169_BenWaizPintusW/FestivalMakanan/vendor/laravel/framework/src/Illuminate/Container/BoundMethod.php(96): Illuminate/Container/Util::unwrapIfClosure(Object(Closure))
#30 D:/Semester 6/Praktikum ABP/modul-10-11-12/2311102169_BenWaizPintusW/FestivalMakanan/vendor/laravel/framework/src/Illuminate/Container/BoundMethod.php(35): Illuminate/Container/BoundMethod::callBoundMethod(Object(Illuminate/Foundation/Application), Array, Object(Closure))
#31 D:/Semester 6/Praktikum ABP/modul-10-11-12/2311102169_BenWaizPintusW/FestivalMakanan/vendor/laravel/framework/src/Illuminate/Container/Container.php(799): Illuminate/Container/BoundMethod::call(Object(Illuminate/Foundation/Application), Array, Array, NULL)
#32 D:/Semester 6/Praktikum ABP/modul-10-11-12/2311102169_BenWaizPintusW/FestivalMakanan/vendor/laravel/framework/src/Illuminate/Console/Command.php(211): Illuminate/Container/Container->call(Array)
#33 D:/Semester 6/Praktikum ABP/modul-10-11-12/2311102169_BenWaizPintusW/FestivalMakanan/vendor/symfony/console/Command/Command.php(341): Illuminate/Console/Command->execute(Object(Symfony/Component/Console/Input/ArgvInput), Object(Illuminate/Console/OutputStyle))
#34 D:/Semester 6/Praktikum ABP/modul-10-11-12/2311102169_BenWaizPintusW/FestivalMakanan/vendor/laravel/framework/src/Illuminate/Console/Command.php(180): Symfony/Component/Console/Command/Command->run(Object(Symfony/Component/Console/Input/ArgvInput), Object(Illuminate/Console/OutputStyle))
#35 D:/Semester 6/Praktikum ABP/modul-10-11-12/2311102169_BenWaizPintusW/FestivalMakanan/vendor/symfony/console/Application.php(1117): Illuminate/Console/Command->run(Object(Symfony/Component/Console/Input/ArgvInput), Object(Symfony/Component/Console/Output/ConsoleOutput))
#36 D:/Semester 6/Praktikum ABP/modul-10-11-12/2311102169_BenWaizPintusW/FestivalMakanan/vendor/symfony/console/Application.php(356): Symfony/Component/Console/Application->doRunCommand(Object(Illuminate/Database/Console/Seeds/SeedCommand), Object(Symfony/Component/Console/Input/ArgvInput), Object(Symfony/Component/Console/Output/ConsoleOutput))
#37 D:/Semester 6/Praktikum ABP/modul-10-11-12/2311102169_BenWaizPintusW/FestivalMakanan/vendor/symfony/console/Application.php(195): Symfony/Component/Console/Application->doRun(Object(Symfony/Component/Console/Input/ArgvInput), Object(Symfony/Component/Console/Output/ConsoleOutput))
#38 D:/Semester 6/Praktikum ABP/modul-10-11-12/2311102169_BenWaizPintusW/FestivalMakanan/vendor/laravel/framework/src/Illuminate/Foundation/Console/Kernel.php(198): Symfony/Component/Console/Application->run(Object(Symfony/Component/Console/Input/ArgvInput), Object(Symfony/Component/Console/Output/ConsoleOutput))
#39 D:/Semester 6/Praktikum ABP/modul-10-11-12/2311102169_BenWaizPintusW/FestivalMakanan/vendor/laravel/framework/src/Illuminate/Foundation/Application.php(1235): Illuminate/Foundation/Console/Kernel->handle(Object(Symfony/Component/Console/Input/ArgvInput), Object(Symfony/Component/Console/Output/ConsoleOutput))
#40 D:/Semester 6/Praktikum ABP/modul-10-11-12/2311102169_BenWaizPintusW/FestivalMakanan/artisan(16): Illuminate/Foundation/Application->handleCommand(Object(Symfony/Component/Console/Input/ArgvInput))
#41 {main}
"} 
